img_id,valid_inst,hard_inst,hard_ratio,is_complex,point_only_miou,adaptive_miou,improvement
2008_005838,2,0,0.0,False,0.1146,0.115,0.0004
2008_000132,3,3,1.0,True,0.4572,0.6889,0.2317
2010_002402,3,3,1.0,True,0.3809,0.4444,0.0635
2010_000418,1,1,1.0,True,0.2968,0.3545,0.0577
2009_004307,1,0,0.0,False,0.758,0.756,-0.002
2008_007709,1,0,0.0,False,0.3127,0.3038,-0.0089
2008_005251,1,0,0.0,False,0.1256,0.1261,0.0005
2008_004239,1,1,1.0,True,0.0209,0.2835,0.2626
2011_004957,1,0,0.0,False,0.0045,0.0045,0.0
2008_000572,2,0,0.0,False,0.2586,0.4132,0.1546
2008_000443,1,0,0.0,False,0.1393,0.1314,-0.0079
2008_004662,3,1,0.3333,False,0.5631,0.5396,-0.0235
2009_004032,9,5,0.5556,True,0.419,0.3402,-0.0788
2009_004929,1,0,0.0,False,0.3603,0.3454,-0.0149
2012_003213,1,0,0.0,False,0.3675,0.3662,-0.0013
2008_000236,1,0,0.0,False,0.1743,0.7295,0.5552
2009_002752,3,3,1.0,True,0.5394,0.5663,0.0269
2011_004785,1,0,0.0,False,0.0331,0.0152,-0.0179
2009_004141,1,0,0.0,False,0.2483,0.2349,-0.0134
2011_006737,1,0,0.0,False,0.0376,0.0377,0.0001
2010_002614,1,0,0.0,False,0.5862,0.5922,0.006
2007_003118,5,5,1.0,True,0.7482,0.6708,-0.0774
2009_000260,1,1,1.0,True,0.0138,0.4133,0.3995
2011_004991,1,0,0.0,False,0.0033,0.0028,-0.0005
2010_006670,1,0,0.0,False,0.3536,0.3409,-0.0127
2010_002587,1,0,0.0,False,0.7429,0.6789,-0.064
2008_008772,1,0,0.0,False,0.0395,0.5318,0.4923
2009_003805,1,1,1.0,True,0.013,0.1289,0.1159
2010_006411,1,0,0.0,False,0.497,0.4959,-0.0011
2008_005236,5,3,0.6,True,0.2164,0.2376,0.0212
2008_004607,1,1,1.0,True,0.132,0.8524,0.7204
2011_002191,2,0,0.0,False,0.1787,0.1799,0.0012
2008_004866,9,7,0.7778,True,0.2213,0.3397,0.1184
2011_000850,1,0,0.0,False,0.644,0.6476,0.0036
2010_006906,2,2,1.0,True,0.4345,0.3814,-0.0531
2010_001706,1,1,1.0,True,0.9516,0.8336,-0.118
2008_001359,3,0,0.0,False,0.1397,0.1572,0.0175
2012_000214,3,0,0.0,False,0.11,0.0867,-0.0233
2008_006731,2,0,0.0,False,0.1411,0.1423,0.0012
2011_002107,1,1,1.0,True,0.8828,0.937,0.0542
2008_003701,1,1,1.0,True,0.834,0.0196,-0.8144
2010_003598,1,0,0.0,False,0.0309,0.037,0.0061
2011_001027,6,6,1.0,True,0.2788,0.4262,0.1474
2009_002338,10,2,0.2,False,0.2313,0.2357,0.0044
2008_003079,5,4,0.8,True,0.3381,0.425,0.0869
2008_001514,1,1,1.0,True,0.8147,0.8113,-0.0034
2009_004623,1,0,0.0,False,0.1797,0.2132,0.0335
2010_003337,2,1,0.5,True,0.2435,0.2458,0.0023
2008_003766,1,0,0.0,False,0.6313,0.6554,0.0241
2009_004940,1,0,0.0,False,0.7708,0.7741,0.0033
2008_005156,6,5,0.8333,True,0.1456,0.095,-0.0506
2011_002203,2,1,0.5,True,0.1909,0.3879,0.197
2010_002594,1,0,0.0,False,0.5932,0.3905,-0.2027
2011_007015,1,0,0.0,False,0.1215,0.023,-0.0985
2011_001229,1,0,0.0,False,0.3136,0.3295,0.0159
2009_000461,4,2,0.5,True,0.3597,0.3508,-0.0089
2011_001597,1,1,1.0,True,0.9395,0.4473,-0.4922
2011_000609,1,1,1.0,True,0.4173,0.423,0.0057
2009_003443,1,1,1.0,True,0.015,0.195,0.18
2010_001862,4,1,0.25,False,0.3332,0.3649,0.0317
2008_003205,3,1,0.3333,False,0.4435,0.4466,0.0031
2009_000989,1,1,1.0,True,0.0155,0.8083,0.7928
2010_000409,1,0,0.0,False,0.805,0.8107,0.0057
2009_000511,2,0,0.0,False,0.4833,0.4761,-0.0072
2012_000411,1,0,0.0,False,0.0137,0.0143,0.0006
2011_002159,1,0,0.0,False,0.0345,0.0339,-0.0006
2010_002060,1,0,0.0,False,0.4492,0.4498,0.0006
2009_004095,2,2,1.0,True,0.6915,0.0179,-0.6736
2010_005615,1,0,0.0,False,0.4665,0.2867,-0.1798
2008_002179,5,4,0.8,True,0.356,0.3837,0.0277
2009_004697,1,0,0.0,False,0.4717,0.4473,-0.0244
2008_000595,1,1,1.0,True,0.1883,0.5844,0.3961
2010_005054,3,1,0.3333,False,0.2647,0.1687,-0.096
2011_003598,3,3,1.0,True,0.2863,0.5506,0.2643
2010_001923,4,4,1.0,True,0.3782,0.7687,0.3905
2008_002860,3,1,0.3333,False,0.4053,0.3084,-0.0969
2009_003530,2,1,0.5,True,0.2561,0.3451,0.089
2010_005005,2,0,0.0,False,0.3343,0.3344,0.0001
2009_003636,4,4,1.0,True,0.6702,0.6826,0.0124
2012_002816,5,3,0.6,True,0.1816,0.3045,0.1229
2011_003230,4,2,0.5,True,0.2478,0.2598,0.012
2012_000169,1,1,1.0,True,0.2306,0.4306,0.2
2008_007922,9,3,0.3333,False,0.2173,0.2001,-0.0172
2010_001732,7,5,0.7143,True,0.0697,0.1237,0.054
2008_007716,4,0,0.0,False,0.0952,0.208,0.1128
2010_000524,3,2,0.6667,True,0.5272,0.5306,0.0034
2010_001586,7,0,0.0,False,0.1983,0.1961,-0.0022
2011_005394,1,0,0.0,False,0.1255,0.1326,0.0071
2011_003474,1,0,0.0,False,0.5607,0.6734,0.1127
2011_001043,1,0,0.0,False,0.0536,0.0613,0.0077
2009_004078,1,1,1.0,True,0.008,0.6295,0.6215
2008_007629,4,4,1.0,True,0.1187,0.3852,0.2665
2012_003508,1,0,0.0,False,0.6422,0.6433,0.0011
2012_002425,1,0,0.0,False,0.119,0.1187,-0.0003
2008_004492,5,2,0.4,False,0.2405,0.287,0.0465
2008_001598,1,0,0.0,False,0.0398,0.0394,-0.0004
2008_005716,1,1,1.0,True,0.8387,0.8942,0.0555
2008_008593,4,1,0.25,False,0.1332,0.1919,0.0587
2009_000287,1,0,0.0,False,0.5986,0.6027,0.0041
2011_004971,1,0,0.0,False,0.0369,0.0377,0.0008
2008_002681,1,1,1.0,True,0.1786,0.1266,-0.052
2011_002520,4,0,0.0,False,0.2266,0.1413,-0.0853
2011_002301,3,2,0.6667,True,0.0611,0.2592,0.1981
2012_000807,3,1,0.3333,False,0.0583,0.199,0.1407
2010_000837,1,0,0.0,False,0.639,0.8259,0.1869
2007_005354,4,4,1.0,True,0.5981,0.873,0.2749
2008_006046,3,1,0.3333,False,0.1819,0.2138,0.0319
2010_001853,7,2,0.2857,False,0.2763,0.3486,0.0723
2010_006659,2,0,0.0,False,0.1555,0.1558,0.0003
2008_005850,3,0,0.0,False,0.2088,0.2722,0.0634
2010_003618,1,0,0.0,False,0.0038,0.0032,-0.0006
2011_005795,1,0,0.0,False,0.0412,0.0403,-0.0009
2009_000160,3,3,1.0,True,0.1344,0.5155,0.3811
2011_007029,1,0,0.0,False,0.3439,0.3453,0.0014
2007_001627,1,0,0.0,False,0.2286,0.2283,-0.0003
2010_001635,2,0,0.0,False,0.588,0.5788,-0.0092
2012_002915,1,0,0.0,False,0.4151,0.4213,0.0062
2009_001453,3,0,0.0,False,0.4184,0.4407,0.0223
2012_003380,2,0,0.0,False,0.216,0.2065,-0.0095
2008_005510,2,0,0.0,False,0.5451,0.5492,0.0041
2010_003950,1,1,1.0,True,0.8779,0.9211,0.0432
2009_002754,1,0,0.0,False,0.3531,0.3576,0.0045
2011_001822,8,8,1.0,True,0.4893,0.4993,0.01
2009_000397,8,8,1.0,True,0.2348,0.3985,0.1637
2007_000272,1,0,0.0,False,0.5078,0.3574,-0.1504
2010_005606,3,3,1.0,True,0.3086,0.4104,0.1018
2012_002144,1,0,0.0,False,0.1179,0.1154,-0.0025
2007_008647,1,0,0.0,False,0.0509,0.0623,0.0114
2008_005871,1,0,0.0,False,0.6815,0.7046,0.0231
2011_001111,2,1,0.5,True,0.0767,0.1686,0.0919
2010_004540,1,1,1.0,True,0.3212,0.0938,-0.2274
2010_000065,1,1,1.0,True,0.4948,0.4895,-0.0053
2008_002307,5,4,0.8,True,0.4927,0.5757,0.083
2010_000151,1,0,0.0,False,0.2029,0.1944,-0.0085
2008_003694,3,1,0.3333,False,0.2844,0.2902,0.0058
2008_004137,3,0,0.0,False,0.2495,0.2518,0.0023
2012_001974,1,0,0.0,False,0.2276,0.2278,0.0002
2008_003059,1,0,0.0,False,0.2643,0.2659,0.0016
2008_006797,2,1,0.5,True,0.5919,0.6058,0.0139
2008_006965,4,0,0.0,False,0.6225,0.5566,-0.0659
2012_001262,1,0,0.0,False,0.2329,0.2325,-0.0004
2009_000611,1,0,0.0,False,0.0013,0.0012,-0.0001
2010_001746,1,0,0.0,False,0.8063,0.8123,0.006
2011_005028,1,0,0.0,False,0.4673,0.4281,-0.0392
2009_003576,2,2,1.0,True,0.5444,0.4591,-0.0853
2009_002901,1,0,0.0,False,0.4937,0.5187,0.025
2010_004815,2,2,1.0,True,0.7075,0.9536,0.2461
2011_003447,1,0,0.0,False,0.5061,0.3619,-0.1442
2011_001793,3,3,1.0,True,0.0163,0.0596,0.0433
2011_005977,1,0,0.0,False,0.0922,0.0895,-0.0027
2012_004039,1,0,0.0,False,0.1054,0.1084,0.003
2011_006888,1,0,0.0,False,0.0685,0.0684,-0.0001
2008_006475,1,0,0.0,False,0.6404,0.6183,-0.0221
2010_000613,1,0,0.0,False,0.4086,0.4126,0.004
2009_004409,1,1,1.0,True,0.0957,0.9453,0.8496
2008_002716,1,0,0.0,False,0.3424,0.3394,-0.003
2010_006516,1,0,0.0,False,0.0186,0.0187,0.0001
2007_009346,2,2,1.0,True,0.9531,0.491,-0.4621
2009_004766,1,0,0.0,False,0.0446,0.6214,0.5768
2009_004129,1,0,0.0,False,0.2937,0.2825,-0.0112
2007_003367,8,8,1.0,True,0.3883,0.5829,0.1946
2008_003178,6,1,0.1667,False,0.1578,0.1694,0.0116
2008_002369,1,0,0.0,False,0.2111,0.2112,0.0001
2009_004686,1,0,0.0,False,0.2596,0.2597,0.0001
2008_002942,1,0,0.0,False,0.963,0.6128,-0.3502
2008_000552,2,0,0.0,False,0.1143,0.0937,-0.0206
2010_006003,2,2,1.0,True,0.2472,0.3844,0.1372
2008_003160,9,6,0.6667,True,0.3579,0.3689,0.011
2012_003815,1,0,0.0,False,0.0462,0.0426,-0.0036
2009_005272,1,0,0.0,False,0.52,0.5284,0.0084
2010_002628,2,0,0.0,False,0.2572,0.2595,0.0023
2012_001938,1,0,0.0,False,0.5253,0.5305,0.0052
2009_003732,4,4,1.0,True,0.4997,0.6527,0.153
2008_007225,9,9,1.0,True,0.4691,0.5317,0.0626
2012_001101,1,0,0.0,False,0.1879,0.19,0.0021
2010_000291,3,0,0.0,False,0.4077,0.4093,0.0016
2012_001117,2,2,1.0,True,0.2319,0.3568,0.1249
2011_004011,1,0,0.0,False,0.4239,0.0066,-0.4173
2009_002219,2,0,0.0,False,0.1244,0.1234,-0.001
2008_004697,4,1,0.25,False,0.2322,0.2407,0.0085
2008_004876,1,0,0.0,False,0.1088,0.0894,-0.0194
2011_005568,4,1,0.25,False,0.0879,0.2027,0.1148
2011_000551,2,2,1.0,True,0.4877,0.4453,-0.0424
2011_005058,1,0,0.0,False,0.2563,0.5972,0.3409
2011_004263,1,0,0.0,False,0.1365,0.1367,0.0002
2012_000745,1,0,0.0,False,0.0671,0.605,0.5379
2008_002058,1,0,0.0,False,0.014,0.429,0.415
2008_004977,1,0,0.0,False,0.4795,0.1599,-0.3196
2008_002482,3,3,1.0,True,0.3912,0.4373,0.0461
2011_003684,1,0,0.0,False,0.2129,0.2141,0.0012
2010_006598,4,1,0.25,False,0.2184,0.2509,0.0325
2008_005691,1,1,1.0,True,0.8569,0.2958,-0.5611
2010_000665,1,0,0.0,False,0.6281,0.7371,0.109
2009_002295,1,1,1.0,True,0.2861,0.0725,-0.2136
2009_002205,5,4,0.8,True,0.3946,0.4994,0.1048
2011_006699,5,4,0.8,True,0.2918,0.1793,-0.1125
2008_007749,1,0,0.0,False,0.2271,0.6132,0.3861
2011_004956,1,0,0.0,False,0.2424,0.591,0.3486
2009_001774,2,0,0.0,False,0.4321,0.4363,0.0042
2010_002631,1,0,0.0,False,0.567,0.5714,0.0044
2012_000442,1,0,0.0,False,0.1538,0.1546,0.0008
2010_000731,2,0,0.0,False,0.4121,0.4318,0.0197
2008_003476,4,4,1.0,True,0.2933,0.4147,0.1214
2011_006330,4,1,0.25,False,0.0989,0.1946,0.0957
2008_004945,3,1,0.3333,False,0.3703,0.4385,0.0682
2008_001814,2,2,1.0,True,0.3687,0.3725,0.0038
2007_006744,2,0,0.0,False,0.2323,0.1115,-0.1208
2008_004633,1,1,1.0,True,0.0845,0.0223,-0.0622
2009_005163,1,0,0.0,False,0.092,0.0919,-0.0001
2009_000686,2,1,0.5,True,0.2341,0.3163,0.0822
2011_003966,1,0,0.0,False,0.1967,0.1976,0.0009
2012_001954,1,0,0.0,False,0.0808,0.0813,0.0005
2012_001657,1,0,0.0,False,0.0046,0.0046,0.0
2009_003703,2,2,1.0,True,0.3396,0.8518,0.5122
2011_003585,4,0,0.0,False,0.2344,0.1542,-0.0802
2008_002357,1,0,0.0,False,0.3336,0.3346,0.001
2009_000579,4,0,0.0,False,0.2144,0.2152,0.0008
2011_002132,1,0,0.0,False,0.4603,0.4499,-0.0104
2007_001073,6,6,1.0,True,0.4381,0.5605,0.1224
2011_002887,2,0,0.0,False,0.2645,0.2253,-0.0392
2010_001753,2,1,0.5,True,0.2712,0.2818,0.0106
2011_007117,1,0,0.0,False,0.2876,0.2661,-0.0215
2010_003074,4,2,0.5,True,0.4669,0.4732,0.0063
2011_005017,1,0,0.0,False,0.1381,0.1388,0.0007
2012_002019,3,0,0.0,False,0.1249,0.1146,-0.0103
2008_008717,4,2,0.5,True,0.1974,0.2602,0.0628
2009_002191,2,2,1.0,True,0.3797,0.5746,0.1949
2010_003828,2,1,0.5,True,0.4178,0.417,-0.0008
2009_003966,9,6,0.6667,True,0.1812,0.264,0.0828
2008_002344,4,0,0.0,False,0.1581,0.113,-0.0451
2008_002502,5,1,0.2,False,0.1066,0.1393,0.0327
2010_004943,1,1,1.0,True,0.6526,0.4609,-0.1917
2008_002250,8,7,0.875,True,0.5053,0.5438,0.0385
2008_001792,2,0,0.0,False,0.4792,0.4835,0.0043
2012_001362,1,0,0.0,False,0.0425,0.0426,0.0001
2012_003068,1,1,1.0,True,0.5946,0.6046,0.01
2009_000120,1,0,0.0,False,0.0002,0.0001,-0.0001
2008_002231,3,2,0.6667,True,0.2281,0.307,0.0789
2012_003392,1,0,0.0,False,0.0775,0.0729,-0.0046
2008_003780,6,3,0.5,True,0.2367,0.3362,0.0995
2009_001911,3,0,0.0,False,0.2424,0.3239,0.0815
2008_003020,4,0,0.0,False,0.2753,0.2288,-0.0465
2008_002972,1,1,1.0,True,0.6579,0.6922,0.0343
2009_005094,2,2,1.0,True,0.3638,0.38,0.0162
2011_003764,4,3,0.75,True,0.2565,0.3479,0.0914
2008_006392,5,3,0.6,True,0.331,0.398,0.067
2010_000495,1,0,0.0,False,0.0497,0.0508,0.0011
2008_001104,5,2,0.4,False,0.3818,0.3478,-0.034
2008_003904,5,2,0.4,False,0.3658,0.3863,0.0205
2011_004772,4,1,0.25,False,0.2637,0.1468,-0.1169
2010_005110,5,3,0.6,True,0.1039,0.2912,0.1873
2010_001455,5,1,0.2,False,0.2432,0.2276,-0.0156
2009_003095,1,0,0.0,False,0.0463,0.0447,-0.0016
2010_004971,2,0,0.0,False,0.4125,0.4136,0.0011
2010_000009,1,0,0.0,False,0.656,0.6617,0.0057
2010_001776,2,0,0.0,False,0.384,0.361,-0.023
2011_003240,2,2,1.0,True,0.3916,0.366,-0.0256
2008_007131,1,0,0.0,False,0.5881,0.5932,0.0051
2010_004053,1,0,0.0,False,0.363,0.3419,-0.0211
2012_000049,2,1,0.5,True,0.2215,0.3915,0.17
2010_005100,1,0,0.0,False,0.0051,0.0051,0.0
2008_003283,3,0,0.0,False,0.2874,0.2985,0.0111
2007_004380,3,3,1.0,True,0.0282,0.2012,0.173
2012_000126,1,0,0.0,False,0.2188,0.218,-0.0008
2008_005085,1,0,0.0,False,0.2798,0.005,-0.2748
2008_003330,1,0,0.0,False,0.2985,0.2972,-0.0013
2009_003664,1,0,0.0,False,0.564,0.5316,-0.0324
2012_003251,1,0,0.0,False,0.6003,0.5998,-0.0005
2008_007236,1,0,0.0,False,0.6008,0.5936,-0.0072
2011_000226,7,6,0.8571,True,0.0522,0.1221,0.0699
2008_003037,1,1,1.0,True,0.2151,0.6,0.3849
2010_000377,1,0,0.0,False,0.576,0.5651,-0.0109
2011_001546,1,1,1.0,True,0.8714,0.4876,-0.3838
2010_003054,3,0,0.0,False,0.1979,0.3242,0.1263
2009_000137,2,1,0.5,True,0.0114,0.342,0.3306
2011_005983,1,0,0.0,False,0.1954,0.4119,0.2165
2010_004208,2,2,1.0,True,0.4253,0.4132,-0.0121
2007_003668,1,0,0.0,False,0.0502,0.0459,-0.0043
2010_004017,3,0,0.0,False,0.26,0.3775,0.1175
2008_005324,4,3,0.75,True,0.3517,0.4013,0.0496
2008_007356,3,2,0.6667,True,0.7018,0.6901,-0.0117
2010_001705,1,0,0.0,False,0.5122,0.5174,0.0052
2008_006099,1,0,0.0,False,0.6538,0.7037,0.0499
2008_005550,1,0,0.0,False,0.4771,0.5842,0.1071
2008_008770,3,3,1.0,True,0.0046,0.1615,0.1569
2010_002223,2,1,0.5,True,0.5631,0.7152,0.1521
2010_002838,2,2,1.0,True,0.3178,0.8863,0.5685
2009_003509,1,1,1.0,True,0.7066,0.6997,-0.0069
2010_006845,1,0,0.0,False,0.024,0.0238,-0.0002
2009_003064,1,0,0.0,False,0.0019,0.0019,0.0
2010_001675,1,0,0.0,False,0.8935,0.8947,0.0012
2012_003217,1,0,0.0,False,0.1801,0.1804,0.0003
2012_002142,1,0,0.0,False,0.1586,0.159,0.0004
2010_000814,2,2,1.0,True,0.8975,0.593,-0.3045
2008_001829,1,1,1.0,True,0.8345,0.8463,0.0118
2008_004579,3,0,0.0,False,0.3439,0.3895,0.0456
2010_002512,2,2,1.0,True,0.477,0.6606,0.1836
2008_001402,2,2,1.0,True,0.0468,0.2207,0.1739
2007_001724,1,1,1.0,True,0.8809,0.9113,0.0304
2010_006217,2,1,0.5,True,0.2242,0.2315,0.0073
2008_007129,2,1,0.5,True,0.5435,0.203,-0.3405
2010_001539,1,0,0.0,False,0.0141,0.0141,0.0
2009_000398,3,2,0.6667,True,0.3592,0.451,0.0918
2011_006256,5,0,0.0,False,0.3146,0.3159,0.0013
2011_005339,1,0,0.0,False,0.1685,0.169,0.0005
2007_004500,2,2,1.0,True,0.8207,0.4329,-0.3878
2008_003466,2,1,0.5,True,0.2087,0.3237,0.115
2008_008337,2,0,0.0,False,0.1107,0.1023,-0.0084
2008_000854,2,0,0.0,False,0.0489,0.0486,-0.0003
2011_001532,2,0,0.0,False,0.1015,0.1021,0.0006
2008_008276,2,2,1.0,True,0.295,0.3304,0.0354
2011_005493,3,0,0.0,False,0.1447,0.1495,0.0048
2008_006904,5,1,0.2,False,0.6195,0.5334,-0.0861
2008_001238,3,0,0.0,False,0.3371,0.4088,0.0717
2010_004586,2,1,0.5,True,0.452,0.4625,0.0105
2011_001220,2,1,0.5,True,0.3229,0.2673,-0.0556
2008_001113,2,0,0.0,False,0.555,0.3094,-0.2456
2011_000780,2,2,1.0,True,0.8211,0.482,-0.3391
2009_003469,1,0,0.0,False,0.0024,0.0025,0.0001
2010_000716,1,0,0.0,False,0.6566,0.0153,-0.6413
2008_005269,4,3,0.75,True,0.6573,0.5442,-0.1131
2011_000514,1,0,0.0,False,0.0124,0.0122,-0.0002
2011_003960,2,1,0.5,True,0.3889,0.3467,-0.0422
2008_008701,4,2,0.5,True,0.5461,0.6076,0.0615
2009_005190,1,1,1.0,True,0.8138,0.849,0.0352
2009_000453,3,0,0.0,False,0.0482,0.0485,0.0003
2009_001360,1,0,0.0,False,0.1116,0.111,-0.0006
2011_004332,1,0,0.0,False,0.1043,0.0321,-0.0722
2008_000115,2,0,0.0,False,0.4787,0.4606,-0.0181
2009_001505,4,3,0.75,True,0.7477,0.7299,-0.0178
2010_006124,1,0,0.0,False,0.4898,0.1581,-0.3317
2011_004299,2,1,0.5,True,0.1189,0.2943,0.1754
2010_000630,2,0,0.0,False,0.029,0.0293,0.0003
2010_001852,2,2,1.0,True,0.6878,0.6456,-0.0422
2009_000229,1,0,0.0,False,0.2403,0.2406,0.0003
2008_005626,5,1,0.2,False,0.3114,0.3455,0.0341
2011_002380,1,1,1.0,True,0.1898,0.2948,0.105
2008_001036,2,0,0.0,False,0.2499,0.4608,0.2109
2012_000982,2,1,0.5,True,0.3172,0.4522,0.135
2009_004249,2,2,1.0,True,0.9345,0.9231,-0.0114
2009_002798,2,1,0.5,True,0.0112,0.1975,0.1863
2012_000281,1,1,1.0,True,0.1752,0.5957,0.4205
2011_000267,1,0,0.0,False,0.0005,0.0005,0.0
2010_004370,2,2,1.0,True,0.8938,0.8605,-0.0333
2009_004593,3,0,0.0,False,0.3181,0.2804,-0.0377
2009_004284,3,0,0.0,False,0.2984,0.3207,0.0223
2008_000042,1,1,1.0,True,0.6616,0.6687,0.0071
2009_002393,2,1,0.5,True,0.0228,0.0226,-0.0002
2011_003418,1,0,0.0,False,0.1767,0.2317,0.055
2010_005875,3,0,0.0,False,0.2349,0.2527,0.0178
2010_002638,2,1,0.5,True,0.2111,0.2036,-0.0075
2008_003068,1,1,1.0,True,0.163,0.9382,0.7752
2010_002668,1,1,1.0,True,0.39,0.4555,0.0655
2011_000364,3,1,0.3333,False,0.4639,0.5132,0.0493
2012_003498,1,0,0.0,False,0.2043,0.2053,0.001
2011_003490,1,0,0.0,False,0.1719,0.1724,0.0005
2010_006056,9,6,0.6667,True,0.3087,0.3212,0.0125
2008_000297,5,0,0.0,False,0.154,0.1543,0.0003
2008_006092,1,0,0.0,False,0.1378,0.1339,-0.0039
2010_001486,1,0,0.0,False,0.141,0.1428,0.0018
2009_001449,1,0,0.0,False,0.7358,0.606,-0.1298
2010_001767,5,5,1.0,True,0.4191,0.4728,0.0537
2008_001009,2,0,0.0,False,0.1019,0.1019,0.0
2008_005639,3,2,0.6667,True,0.4207,0.472,0.0513
2011_005780,2,1,0.5,True,0.0512,0.2017,0.1505
2011_000012,1,0,0.0,False,0.0056,0.0051,-0.0005
2010_004945,1,0,0.0,False,0.5515,0.1021,-0.4494
2011_005893,1,0,0.0,False,0.1307,0.2995,0.1688
2012_003648,1,0,0.0,False,0.051,0.052,0.001
2008_006112,1,0,0.0,False,0.0168,0.0167,-0.0001
2011_002553,9,9,1.0,True,0.4328,0.4941,0.0613
2009_002199,2,1,0.5,True,0.2144,0.0338,-0.1806
2010_001066,1,0,0.0,False,0.7163,0.6969,-0.0194
2008_001420,6,4,0.6667,True,0.349,0.3689,0.0199
2011_005872,1,0,0.0,False,0.0091,0.009,-0.0001
2007_000793,10,10,1.0,True,0.4828,0.619,0.1362
2012_004150,1,0,0.0,False,0.2659,0.048,-0.2179
2009_002632,1,0,0.0,False,0.0099,0.0099,0.0
2011_001190,2,2,1.0,True,0.2259,0.22,-0.0059
2011_005581,1,0,0.0,False,0.0223,0.0229,0.0006
2008_003101,1,1,1.0,True,0.9392,0.9444,0.0052
2010_005991,3,3,1.0,True,0.2228,0.4099,0.1871
2010_004957,2,1,0.5,True,0.6747,0.6945,0.0198
2008_006718,2,0,0.0,False,0.6112,0.6161,0.0049
2010_004066,1,0,0.0,False,0.0207,0.0203,-0.0004
2012_003347,1,1,1.0,True,0.0264,0.3733,0.3469
2010_004659,3,3,1.0,True,0.4862,0.5621,0.0759
2011_004080,2,0,0.0,False,0.1075,0.1099,0.0024
2010_005744,1,1,1.0,True,0.8911,0.8864,-0.0047
2011_003667,1,0,0.0,False,0.2399,0.1937,-0.0462
2010_003762,3,1,0.3333,False,0.4601,0.4621,0.002
2008_006892,3,0,0.0,False,0.0924,0.2349,0.1425
2009_002308,2,0,0.0,False,0.1866,0.1861,-0.0005
2011_004861,1,0,0.0,False,0.2004,0.1983,-0.0021
2011_002143,9,6,0.6667,True,0.2167,0.3332,0.1165
2009_001164,1,0,0.0,False,0.0246,0.0245,-0.0001
2010_004109,4,4,1.0,True,0.4444,0.6621,0.2177
2011_003940,3,2,0.6667,True,0.453,0.5739,0.1209
2007_000187,1,0,0.0,False,0.5337,0.5335,-0.0002
2010_004295,1,0,0.0,False,0.3261,0.2824,-0.0437
2010_003176,1,0,0.0,False,0.3047,0.3068,0.0021
2009_003487,1,0,0.0,False,0.6647,0.6592,-0.0055
2011_005500,1,0,0.0,False,0.6403,0.6404,0.0001
2010_005496,1,1,1.0,True,0.006,0.9338,0.9278
2012_000613,1,0,0.0,False,0.5831,0.4293,-0.1538
2011_006254,1,0,0.0,False,0.336,0.3367,0.0007
2011_006280,3,2,0.6667,True,0.2157,0.221,0.0053
2009_003698,1,0,0.0,False,0.0374,0.7288,0.6914
2012_003631,1,0,0.0,False,0.0437,0.0413,-0.0024
2012_001131,1,0,0.0,False,0.1949,0.1944,-0.0005
2009_000899,1,0,0.0,False,0.3959,0.4785,0.0826
2008_004084,12,7,0.5833,True,0.1991,0.2854,0.0863
2010_002973,1,0,0.0,False,0.9725,0.9827,0.0102
2012_003913,1,0,0.0,False,0.1162,0.1166,0.0004
2010_006314,1,0,0.0,False,0.0299,0.0296,-0.0003
2008_004640,1,1,1.0,True,0.4857,0.3638,-0.1219
2009_005078,2,2,1.0,True,0.6805,0.3587,-0.3218
2010_004733,1,0,0.0,False,0.5199,0.5231,0.0032
2009_004406,4,4,1.0,True,0.2039,0.2529,0.049
2009_002770,1,0,0.0,False,0.0679,0.0724,0.0045
2008_008227,1,0,0.0,False,0.4654,0.4685,0.0031
2008_000089,1,1,1.0,True,0.4033,0.4164,0.0131
2008_001539,1,0,0.0,False,0.5639,0.5139,-0.05
2010_000415,3,1,0.3333,False,0.5856,0.6717,0.0861
2012_001252,1,0,0.0,False,0.6501,0.6527,0.0026
2008_003300,1,0,0.0,False,0.0057,0.0058,0.0001
2011_007143,2,0,0.0,False,0.1052,0.1044,-0.0008
2011_004471,1,0,0.0,False,0.0328,0.0324,-0.0004
2009_002472,1,1,1.0,True,0.253,0.9221,0.6691
2011_002470,1,1,1.0,True,0.0009,0.183,0.1821
2012_002478,1,0,0.0,False,0.4304,0.1925,-0.2379
2011_003488,1,0,0.0,False,0.1691,0.1594,-0.0097
2010_000356,1,0,0.0,False,0.3919,0.4398,0.0479
2008_008237,5,5,1.0,True,0.3761,0.4773,0.1012
2007_002639,3,3,1.0,True,0.5951,0.4569,-0.1382
2008_005521,6,6,1.0,True,0.4075,0.5114,0.1039
2011_005183,1,0,0.0,False,0.2046,0.2034,-0.0012
2009_004042,11,3,0.2727,False,0.3305,0.27,-0.0605
2009_001288,1,0,0.0,False,0.0512,0.0508,-0.0004
2012_004063,2,0,0.0,False,0.0838,0.1577,0.0739
2012_000578,1,0,0.0,False,0.4156,0.4019,-0.0137
2008_001797,3,0,0.0,False,0.1966,0.1972,0.0006
2010_000692,1,0,0.0,False,0.0176,0.0173,-0.0003
2008_006496,3,1,0.3333,False,0.3046,0.3058,0.0012
2011_007210,2,1,0.5,True,0.1859,0.1045,-0.0814
2008_007291,7,0,0.0,False,0.1335,0.1209,-0.0126
2012_000587,2,0,0.0,False,0.1093,0.1679,0.0586
2010_005170,6,2,0.3333,False,0.2443,0.3036,0.0593
2011_006298,1,0,0.0,False,0.1623,0.1693,0.007
2012_003182,1,0,0.0,False,0.0363,0.0363,0.0
2011_005280,2,2,1.0,True,0.2428,0.1831,-0.0597
2011_006532,2,0,0.0,False,0.476,0.4764,0.0004
2009_000227,1,0,0.0,False,0.0056,0.0056,0.0
2012_001226,1,0,0.0,False,0.6478,0.4522,-0.1956
2011_006798,1,1,1.0,True,0.0975,0.2145,0.117
2010_001357,2,2,1.0,True,0.3055,0.3069,0.0014
2010_000564,4,2,0.5,True,0.4539,0.4136,-0.0403
2010_002551,1,1,1.0,True,0.9757,0.9751,-0.0006
2012_004248,2,0,0.0,False,0.2999,0.2869,-0.013
2012_001879,1,0,0.0,False,0.1578,0.1578,0.0
2010_000052,3,1,0.3333,False,0.0627,0.1115,0.0488
2010_002378,1,0,0.0,False,0.5309,0.5345,0.0036
2011_006115,2,0,0.0,False,0.1723,0.1626,-0.0097
2008_003610,4,1,0.25,False,0.233,0.274,0.041
2010_003102,1,0,0.0,False,0.5634,0.6489,0.0855
2009_005055,1,1,1.0,True,0.4885,0.1371,-0.3514
2010_002185,2,0,0.0,False,0.4955,0.486,-0.0095
2010_006363,1,0,0.0,False,0.1149,0.1084,-0.0065
2010_005332,2,0,0.0,False,0.0196,0.0189,-0.0007
2008_003812,1,0,0.0,False,0.0028,0.0028,0.0
2008_007632,1,0,0.0,False,0.5421,0.4547,-0.0874
2008_008453,7,7,1.0,True,0.4559,0.4716,0.0157
2009_004839,1,0,0.0,False,0.2095,0.2239,0.0144
2011_002402,1,0,0.0,False,0.664,0.0877,-0.5763
2008_008591,5,2,0.4,False,0.2283,0.2528,0.0245
2009_003710,8,7,0.875,True,0.3378,0.4518,0.114
2008_002730,1,0,0.0,False,0.1663,0.1681,0.0018
2011_004489,3,0,0.0,False,0.1598,0.2242,0.0644
2011_004039,1,0,0.0,False,0.2745,0.2733,-0.0012
2010_006034,1,1,1.0,True,0.0022,0.2588,0.2566
2012_000672,1,0,0.0,False,0.2284,0.3036,0.0752
2011_004548,1,0,0.0,False,0.5502,0.5562,0.006
2008_002599,1,0,0.0,False,0.6742,0.6867,0.0125
2009_003265,12,5,0.4167,False,0.3956,0.3905,-0.0051
2011_004838,1,0,0.0,False,0.1898,0.1931,0.0033
2011_002822,2,0,0.0,False,0.3038,0.416,0.1122
2007_008670,2,2,1.0,True,0.4835,0.4816,-0.0019
2011_002224,1,0,0.0,False,0.1605,0.1616,0.0011
2012_001375,1,0,0.0,False,0.1437,0.1494,0.0057
2007_002852,3,3,1.0,True,0.426,0.4388,0.0128
2011_000399,2,0,0.0,False,0.3747,0.3946,0.0199
2010_003958,1,1,1.0,True,0.6877,0.2813,-0.4064
2011_002864,1,0,0.0,False,0.796,0.6572,-0.1388
2011_004761,1,0,0.0,False,0.1908,0.1912,0.0004
2009_004150,2,0,0.0,False,0.6814,0.5792,-0.1022
2012_002127,1,0,0.0,False,0.0557,0.0558,0.0001
2009_004085,3,1,0.3333,False,0.2113,0.3135,0.1022
2010_002267,1,1,1.0,True,0.2062,0.2429,0.0367
2011_005863,1,0,0.0,False,0.0403,0.0411,0.0008
2008_000399,1,1,1.0,True,0.9223,0.9429,0.0206
