img_id,img_name,Point-only_mIoU,Point(Adaptive)_mIoU,is_complex_image,complex_label
410735,000000410735.jpg,0.576,0.4706,False,简单图片
494188,000000494188.jpg,0.5828,0.6038,True,复杂图片
92177,000000092177.jpg,0.5539,0.7403,False,简单图片
252716,000000252716.jpg,0.6005,0.8954,True,复杂图片
541055,000000541055.jpg,0.1544,0.2642,True,复杂图片
549930,000000549930.jpg,0.525,0.5481,True,复杂图片
577862,000000577862.jpg,0.646,0.6894,True,复杂图片
129416,000000129416.jpg,0.6807,0.672,True,复杂图片
181859,000000181859.jpg,0.4568,0.5566,True,复杂图片
572408,000000572408.jpg,0.6277,0.7624,False,简单图片
574297,000000574297.jpg,0.6447,0.622,True,复杂图片
416745,000000416745.jpg,0.2903,0.2761,False,简单图片
473869,000000473869.jpg,0.6022,0.6177,False,简单图片
189436,000000189436.jpg,0.4882,0.8713,False,简单图片
363207,000000363207.jpg,0.5933,0.5951,False,简单图片
341921,000000341921.jpg,0.7076,0.6968,True,复杂图片
480021,000000480021.jpg,0.41,0.6197,True,复杂图片
162858,000000162858.jpg,0.559,0.6174,False,简单图片
555009,000000555009.jpg,0.6722,0.717,False,简单图片
33368,000000033368.jpg,0.8588,0.8582,True,复杂图片
163290,000000163290.jpg,0.4965,0.6106,True,复杂图片
293300,000000293300.jpg,0.7376,0.6753,False,简单图片
153568,000000153568.jpg,0.0295,0.029,False,简单图片
1532,000000001532.jpg,0.5404,0.6121,False,简单图片
577932,000000577932.jpg,0.6382,0.6525,True,复杂图片
135670,000000135670.jpg,0.0218,0.0359,False,简单图片
516916,000000516916.jpg,0.6939,0.6286,False,简单图片
105264,000000105264.jpg,0.5026,0.7552,True,复杂图片
370478,000000370478.jpg,0.6931,0.4696,False,简单图片
511647,000000511647.jpg,0.7678,0.7461,True,复杂图片
324614,000000324614.jpg,0.1309,0.1418,False,简单图片
344100,000000344100.jpg,0.6063,0.6086,False,简单图片
365207,000000365207.jpg,0.5486,0.6125,False,简单图片
342295,000000342295.jpg,0.5703,0.5694,False,简单图片
60770,000000060770.jpg,0.4741,0.4565,True,复杂图片
23899,000000023899.jpg,0.5922,0.5375,False,简单图片
409475,000000409475.jpg,0.8853,0.4227,True,复杂图片
393115,000000393115.jpg,0.0183,0.0454,False,简单图片
82696,000000082696.jpg,0.4887,0.4947,True,复杂图片
509008,000000509008.jpg,0.9549,0.9714,False,简单图片
22705,000000022705.jpg,0.5835,0.6566,True,复杂图片
569030,000000569030.jpg,0.5292,0.5376,True,复杂图片
248616,000000248616.jpg,0.5796,0.7834,True,复杂图片
23272,000000023272.jpg,0.3777,0.8226,False,简单图片
4395,000000004395.jpg,0.4923,0.4904,False,简单图片
513688,000000513688.jpg,0.3902,0.3643,False,简单图片
303818,000000303818.jpg,0.4257,0.5666,True,复杂图片
260266,000000260266.jpg,0.6854,0.6959,False,简单图片
183104,000000183104.jpg,0.4889,0.6712,False,简单图片
248112,000000248112.jpg,0.6367,0.7961,True,复杂图片
358923,000000358923.jpg,0.2427,0.6272,False,简单图片
530854,000000530854.jpg,0.9188,0.9007,False,简单图片
322724,000000322724.jpg,0.4351,0.5136,False,简单图片
133000,000000133000.jpg,0.0785,0.0771,True,复杂图片
393056,000000393056.jpg,0.5139,0.7009,True,复杂图片
470924,000000470924.jpg,0.5,0.4969,True,复杂图片
221708,000000221708.jpg,0.3991,0.3729,False,简单图片
318114,000000318114.jpg,0.7336,0.6459,False,简单图片
464824,000000464824.jpg,0.756,0.5942,False,简单图片
274708,000000274708.jpg,0.598,0.5744,True,复杂图片
303713,000000303713.jpg,0.5393,0.5519,True,复杂图片
554266,000000554266.jpg,0.4403,0.5393,False,简单图片
424721,000000424721.jpg,0.6219,0.7098,False,简单图片
558213,000000558213.jpg,0.3341,0.5035,True,复杂图片
397279,000000397279.jpg,0.6218,0.7258,True,复杂图片
462371,000000462371.jpg,0.465,0.3992,False,简单图片
493334,000000493334.jpg,0.6142,0.5962,False,简单图片
495448,000000495448.jpg,0.543,0.5554,False,简单图片
135410,000000135410.jpg,0.3317,0.404,False,简单图片
360393,000000360393.jpg,0.3347,0.503,False,简单图片
189226,000000189226.jpg,0.1282,0.1425,False,简单图片
226171,000000226171.jpg,0.6964,0.6981,False,简单图片
528705,000000528705.jpg,0.3269,0.3253,False,简单图片
541291,000000541291.jpg,0.6542,0.6562,False,简单图片
276434,000000276434.jpg,0.5038,0.5045,False,简单图片
460967,000000460967.jpg,0.2495,0.1248,True,复杂图片
447088,000000447088.jpg,0.5314,0.7361,True,复杂图片
445675,000000445675.jpg,0.8907,0.9271,True,复杂图片
150417,000000150417.jpg,0.3266,0.3284,False,简单图片
264968,000000264968.jpg,0.5857,0.6378,True,复杂图片
290179,000000290179.jpg,0.7745,0.8416,True,复杂图片
28993,000000028993.jpg,0.5294,0.5392,True,复杂图片
328117,000000328117.jpg,0.8253,0.8519,False,简单图片
79565,000000079565.jpg,0.764,0.8301,True,复杂图片
322352,000000322352.jpg,0.5565,0.5634,False,简单图片
338304,000000338304.jpg,0.3765,0.4396,False,简单图片
115118,000000115118.jpg,0.0253,0.5888,False,简单图片
304545,000000304545.jpg,0.1814,0.9156,False,简单图片
500270,000000500270.jpg,0.5095,0.601,True,复杂图片
363188,000000363188.jpg,0.4306,0.4678,False,简单图片
206025,000000206025.jpg,0.5242,0.5204,False,简单图片
373315,000000373315.jpg,0.4564,0.656,True,复杂图片
573943,000000573943.jpg,0.6427,0.6796,False,简单图片
78426,000000078426.jpg,0.8408,0.8407,False,简单图片
384651,000000384651.jpg,0.8236,0.6775,False,简单图片
281414,000000281414.jpg,0.357,0.8601,True,复杂图片
245651,000000245651.jpg,0.2285,0.2293,False,简单图片
365642,000000365642.jpg,0.623,0.5407,False,简单图片
269121,000000269121.jpg,0.5863,0.8239,True,复杂图片
545407,000000545407.jpg,0.8242,0.8342,True,复杂图片
2431,000000002431.jpg,0.715,0.662,False,简单图片
345252,000000345252.jpg,0.3113,0.4427,True,复杂图片
338718,000000338718.jpg,0.5539,0.8577,True,复杂图片
23751,000000023751.jpg,0.7287,0.812,False,简单图片
565877,000000565877.jpg,0.4807,0.6514,False,简单图片
542089,000000542089.jpg,0.8919,0.9064,False,简单图片
36861,000000036861.jpg,0.5301,0.0423,False,简单图片
390301,000000390301.jpg,0.7,0.7113,False,简单图片
384670,000000384670.jpg,0.6266,0.8284,False,简单图片
515266,000000515266.jpg,0.5384,0.5754,True,复杂图片
437239,000000437239.jpg,0.5246,0.6652,True,复杂图片
459500,000000459500.jpg,0.6792,0.6556,True,复杂图片
224675,000000224675.jpg,0.4453,0.5346,False,简单图片
322968,000000322968.jpg,0.8446,0.8581,False,简单图片
246883,000000246883.jpg,0.5436,0.6354,True,复杂图片
370900,000000370900.jpg,0.3326,0.4139,False,简单图片
189752,000000189752.jpg,0.4588,0.5051,False,简单图片
257370,000000257370.jpg,0.3234,0.3491,True,复杂图片
257896,000000257896.jpg,0.4577,0.7764,False,简单图片
150638,000000150638.jpg,0.5777,0.5358,False,简单图片
96427,000000096427.jpg,0.6246,0.5268,True,复杂图片
142324,000000142324.jpg,0.4228,0.5628,True,复杂图片
40757,000000040757.jpg,0.4655,0.5085,False,简单图片
333956,000000333956.jpg,0.4993,0.9085,False,简单图片
462643,000000462643.jpg,0.0102,0.4512,True,复杂图片
400082,000000400082.jpg,0.4982,0.6012,False,简单图片
466567,000000466567.jpg,0.024,0.0238,False,简单图片
540932,000000540932.jpg,0.6114,0.663,True,复杂图片
405691,000000405691.jpg,0.547,0.5323,False,简单图片
350488,000000350488.jpg,0.9216,0.9199,True,复杂图片
312549,000000312549.jpg,0.0,0.0,False,简单图片
462728,000000462728.jpg,0.711,0.8809,True,复杂图片
283717,000000283717.jpg,0.6781,0.7194,False,简单图片
419408,000000419408.jpg,0.6122,0.6448,True,复杂图片
440508,000000440508.jpg,0.8455,0.0074,False,简单图片
498747,000000498747.jpg,0.4691,0.4629,False,简单图片
517687,000000517687.jpg,0.6178,0.6178,False,简单图片
185409,000000185409.jpg,0.6288,0.6124,False,简单图片
58384,000000058384.jpg,0.7434,0.7377,False,简单图片
464144,000000464144.jpg,0.1669,0.342,True,复杂图片
344816,000000344816.jpg,0.9278,0.0077,False,简单图片
222863,000000222863.jpg,0.7935,0.8483,True,复杂图片
191672,000000191672.jpg,0.3033,0.3526,True,复杂图片
128476,000000128476.jpg,0.324,0.2895,False,简单图片
344029,000000344029.jpg,0.3663,0.3809,True,复杂图片
56350,000000056350.jpg,0.3542,0.3515,False,简单图片
365521,000000365521.jpg,0.5209,0.5552,False,简单图片
533493,000000533493.jpg,0.628,0.6223,False,简单图片
404839,000000404839.jpg,0.6325,0.5779,False,简单图片
297698,000000297698.jpg,0.5165,0.4114,True,复杂图片
566436,000000566436.jpg,0.3091,0.1654,False,简单图片
459272,000000459272.jpg,0.5738,0.5286,True,复杂图片
263644,000000263644.jpg,0.2295,0.2292,False,简单图片
143961,000000143961.jpg,0.3645,0.4836,False,简单图片
412362,000000412362.jpg,0.6974,0.6339,False,简单图片
436315,000000436315.jpg,0.0013,0.0013,False,简单图片
51309,000000051309.jpg,0.6785,0.7808,True,复杂图片
449198,000000449198.jpg,0.0,0.0,False,简单图片
177861,000000177861.jpg,0.6482,0.7023,True,复杂图片
134886,000000134886.jpg,0.5499,0.5596,True,复杂图片
466602,000000466602.jpg,0.415,0.3275,True,复杂图片
244592,000000244592.jpg,0.478,0.6943,False,简单图片
323151,000000323151.jpg,0.2449,0.221,False,简单图片
388056,000000388056.jpg,0.3724,0.5455,False,简单图片
191845,000000191845.jpg,0.5669,0.6216,False,简单图片
185157,000000185157.jpg,0.3411,0.481,True,复杂图片
187585,000000187585.jpg,0.3233,0.4112,True,复杂图片
100274,000000100274.jpg,0.5542,0.5145,True,复杂图片
551215,000000551215.jpg,0.7149,0.7165,True,复杂图片
473974,000000473974.jpg,0.6504,0.7042,False,简单图片
66561,000000066561.jpg,0.6522,0.662,True,复杂图片
384527,000000384527.jpg,0.4519,0.433,True,复杂图片
322844,000000322844.jpg,0.4498,0.3513,False,简单图片
367228,000000367228.jpg,0.416,0.6546,True,复杂图片
491497,000000491497.jpg,0.6571,0.6206,True,复杂图片
27620,000000027620.jpg,0.6814,0.6788,False,简单图片
102707,000000102707.jpg,0.7363,0.7198,False,简单图片
133645,000000133645.jpg,0.6103,0.6107,True,复杂图片
245576,000000245576.jpg,0.4947,0.5509,False,简单图片
435003,000000435003.jpg,0.5479,0.5983,False,简单图片
418062,000000418062.jpg,0.7146,0.6394,False,简单图片
468954,000000468954.jpg,0.499,0.6077,False,简单图片
308165,000000308165.jpg,0.7624,0.4976,True,复杂图片
243075,000000243075.jpg,0.9588,0.479,False,简单图片
161128,000000161128.jpg,0.7589,0.7683,True,复杂图片
213445,000000213445.jpg,0.4326,0.4882,False,简单图片
514914,000000514914.jpg,0.5005,0.5325,False,简单图片
336628,000000336628.jpg,0.3626,0.3359,False,简单图片
326128,000000326128.jpg,0.1708,0.3806,True,复杂图片
545100,000000545100.jpg,0.7425,0.6959,True,复杂图片
550797,000000550797.jpg,0.0279,0.0287,False,简单图片
42102,000000042102.jpg,0.4941,0.5042,True,复杂图片
545007,000000545007.jpg,0.9112,0.7962,False,简单图片
98716,000000098716.jpg,0.7432,0.6042,True,复杂图片
110282,000000110282.jpg,0.0181,0.0178,False,简单图片
291551,000000291551.jpg,0.5119,0.4983,True,复杂图片
119445,000000119445.jpg,0.6075,0.6987,True,复杂图片
398742,000000398742.jpg,0.6081,0.6677,False,简单图片
262440,000000262440.jpg,0.4836,0.4889,False,简单图片
235778,000000235778.jpg,0.4909,0.6468,True,复杂图片
72813,000000072813.jpg,0.8835,0.6833,False,简单图片
38829,000000038829.jpg,0.3007,0.5648,True,复杂图片
242411,000000242411.jpg,0.4544,0.4631,False,简单图片
51314,000000051314.jpg,0.7984,0.4579,True,复杂图片
86483,000000086483.jpg,0.7817,0.6534,True,复杂图片
206135,000000206135.jpg,0.8607,0.6958,True,复杂图片
239347,000000239347.jpg,0.2761,0.3013,True,复杂图片
12667,000000012667.jpg,0.9158,0.9168,False,简单图片
369503,000000369503.jpg,0.5177,0.5236,True,复杂图片
23359,000000023359.jpg,0.4328,0.3383,True,复杂图片
226883,000000226883.jpg,0.9088,0.9195,True,复杂图片
521141,000000521141.jpg,0.6997,0.7504,True,复杂图片
6040,000000006040.jpg,0.497,0.3998,True,复杂图片
565962,000000565962.jpg,0.8088,0.689,False,简单图片
191614,000000191614.jpg,0.6054,0.664,True,复杂图片
85157,000000085157.jpg,0.606,0.549,False,简单图片
539962,000000539962.jpg,0.4679,0.3746,True,复杂图片
110972,000000110972.jpg,0.9442,0.956,False,简单图片
453981,000000453981.jpg,0.4828,0.4838,False,简单图片
348216,000000348216.jpg,0.608,0.5462,False,简单图片
276284,000000276284.jpg,0.8023,0.6616,False,简单图片
198510,000000198510.jpg,0.1864,0.3765,True,复杂图片
369442,000000369442.jpg,0.557,0.6122,True,复杂图片
425390,000000425390.jpg,0.3388,0.4307,False,简单图片
119365,000000119365.jpg,0.6011,0.4465,False,简单图片
181796,000000181796.jpg,0.5118,0.5345,True,复杂图片
242946,000000242946.jpg,0.5484,0.5295,False,简单图片
32735,000000032735.jpg,0.4194,0.2903,True,复杂图片
329041,000000329041.jpg,0.698,0.6664,False,简单图片
164885,000000164885.jpg,0.6602,0.6454,True,复杂图片
177357,000000177357.jpg,0.8454,0.8803,True,复杂图片
435081,000000435081.jpg,0.5713,0.5793,True,复杂图片
491090,000000491090.jpg,0.275,0.3762,True,复杂图片
550471,000000550471.jpg,0.6918,0.8389,True,复杂图片
301421,000000301421.jpg,0.6579,0.5616,False,简单图片
292330,000000292330.jpg,0.4441,0.456,True,复杂图片
334483,000000334483.jpg,0.5313,0.5224,False,简单图片
367818,000000367818.jpg,0.2722,0.5474,True,复杂图片
409867,000000409867.jpg,0.7526,0.7477,False,简单图片
476119,000000476119.jpg,0.2895,0.6672,True,复杂图片
423944,000000423944.jpg,0.0242,0.0252,True,复杂图片
287545,000000287545.jpg,0.8042,0.8085,True,复杂图片
450202,000000450202.jpg,0.2257,0.1806,False,简单图片
40083,000000040083.jpg,0.4422,0.489,True,复杂图片
193494,000000193494.jpg,0.1847,0.1823,False,简单图片
411665,000000411665.jpg,0.3574,0.6293,False,简单图片
289417,000000289417.jpg,0.6929,0.6996,True,复杂图片
564133,000000564133.jpg,0.4849,0.6376,False,简单图片
203629,000000203629.jpg,0.5103,0.5581,False,简单图片
316404,000000316404.jpg,0.6818,0.4987,True,复杂图片
25393,000000025393.jpg,0.4455,0.5533,True,复杂图片
235057,000000235057.jpg,0.0143,0.0142,False,简单图片
259640,000000259640.jpg,0.4254,0.4135,False,简单图片
210915,000000210915.jpg,0.4582,0.677,True,复杂图片
231879,000000231879.jpg,0.408,0.4839,False,简单图片
55022,000000055022.jpg,0.3332,0.356,True,复杂图片
13004,000000013004.jpg,0.1615,0.1616,False,简单图片
530061,000000530061.jpg,0.58,0.5367,False,简单图片
99114,000000099114.jpg,0.5364,0.5916,True,复杂图片
353970,000000353970.jpg,0.4203,0.6229,True,复杂图片
525155,000000525155.jpg,0.5629,0.6694,True,复杂图片
74860,000000074860.jpg,0.9154,0.914,False,简单图片
543047,000000543047.jpg,0.646,0.7325,True,复杂图片
349480,000000349480.jpg,0.5882,0.5882,True,复杂图片
97988,000000097988.jpg,0.5279,0.5773,True,复杂图片
497344,000000497344.jpg,0.501,0.3642,False,简单图片
188439,000000188439.jpg,0.3535,0.5855,True,复杂图片
117719,000000117719.jpg,0.3408,0.3825,False,简单图片
377882,000000377882.jpg,0.5168,0.5564,False,简单图片
182923,000000182923.jpg,0.528,0.4961,False,简单图片
518326,000000518326.jpg,0.1875,0.399,False,简单图片
80666,000000080666.jpg,0.5226,0.5136,True,复杂图片
328430,000000328430.jpg,0.6079,0.6324,True,复杂图片
186345,000000186345.jpg,0.8051,0.6604,True,复杂图片
468965,000000468965.jpg,0.5079,0.6887,True,复杂图片
153011,000000153011.jpg,0.4444,0.5091,True,复杂图片
496409,000000496409.jpg,0.5835,0.5796,True,复杂图片
300659,000000300659.jpg,0.7826,0.8069,True,复杂图片
352491,000000352491.jpg,0.4908,0.1949,True,复杂图片
371472,000000371472.jpg,0.643,0.5853,False,简单图片
290833,000000290833.jpg,0.741,0.7252,True,复杂图片
357501,000000357501.jpg,0.8075,0.7022,True,复杂图片
285047,000000285047.jpg,0.4616,0.8179,False,简单图片
465836,000000465836.jpg,0.2082,0.3009,True,复杂图片
569825,000000569825.jpg,0.5199,0.5292,False,简单图片
344909,000000344909.jpg,0.6606,0.6604,False,简单图片
24021,000000024021.jpg,0.4729,0.53,False,简单图片
250766,000000250766.jpg,0.4994,0.3408,True,复杂图片
152686,000000152686.jpg,0.7345,0.8859,True,复杂图片
369812,000000369812.jpg,0.7246,0.6909,True,复杂图片
426836,000000426836.jpg,0.8513,0.5803,True,复杂图片
443844,000000443844.jpg,0.1867,0.5374,True,复杂图片
516038,000000516038.jpg,0.4715,0.582,True,复杂图片
555412,000000555412.jpg,0.0042,0.0069,False,简单图片
476491,000000476491.jpg,0.0,0.0,False,简单图片
100283,000000100283.jpg,0.4669,0.4862,True,复杂图片
332351,000000332351.jpg,0.5669,0.683,True,复杂图片
236730,000000236730.jpg,0.9558,0.9583,False,简单图片
61471,000000061471.jpg,0.8064,0.7981,True,复杂图片
198805,000000198805.jpg,0.3691,0.4161,True,复杂图片
161781,000000161781.jpg,0.4266,0.6805,True,复杂图片
551780,000000551780.jpg,0.0417,0.0908,True,复杂图片
227491,000000227491.jpg,0.7005,0.6927,True,复杂图片
293200,000000293200.jpg,0.4578,0.4566,True,复杂图片
422886,000000422886.jpg,0.206,0.1455,False,简单图片
90155,000000090155.jpg,0.0291,0.0094,False,简单图片
22892,000000022892.jpg,0.3286,0.3228,False,简单图片
570756,000000570756.jpg,0.4737,0.426,True,复杂图片
383289,000000383289.jpg,0.4349,0.4112,False,简单图片
309964,000000309964.jpg,0.6253,0.5647,False,简单图片
277020,000000277020.jpg,0.5941,0.5915,False,简单图片
570834,000000570834.jpg,0.4559,0.4352,True,复杂图片
171757,000000171757.jpg,0.4807,0.4275,False,简单图片
182021,000000182021.jpg,0.5429,0.5421,True,复杂图片
257478,000000257478.jpg,0.4034,0.8299,True,复杂图片
447522,000000447522.jpg,0.6587,0.6484,False,简单图片
357888,000000357888.jpg,0.6606,0.6583,True,复杂图片
218362,000000218362.jpg,0.6007,0.676,False,简单图片
400367,000000400367.jpg,0.388,0.5139,True,复杂图片
425361,000000425361.jpg,0.4414,0.4325,False,简单图片
473406,000000473406.jpg,0.417,0.4145,False,简单图片
19402,000000019402.jpg,0.5188,0.5493,False,简单图片
319721,000000319721.jpg,0.4572,0.596,True,复杂图片
423971,000000423971.jpg,0.0032,0.0024,False,简单图片
223188,000000223188.jpg,0.8091,0.4978,True,复杂图片
249219,000000249219.jpg,0.0087,0.0084,False,简单图片
200961,000000200961.jpg,0.7966,0.6614,True,复杂图片
530836,000000530836.jpg,0.6043,0.619,True,复杂图片
153299,000000153299.jpg,0.6013,0.3171,True,复杂图片
400922,000000400922.jpg,0.4368,0.434,True,复杂图片
428867,000000428867.jpg,0.812,0.813,False,简单图片
56288,000000056288.jpg,0.6017,0.5685,False,简单图片
357816,000000357816.jpg,0.5611,0.6261,False,简单图片
323799,000000323799.jpg,0.4565,0.5031,True,复杂图片
263463,000000263463.jpg,0.5574,0.6703,False,简单图片
473219,000000473219.jpg,0.5931,0.7028,False,简单图片
93437,000000093437.jpg,0.4604,0.5917,True,复杂图片
105014,000000105014.jpg,0.4948,0.5144,False,简单图片
91406,000000091406.jpg,0.5811,0.5639,True,复杂图片
19786,000000019786.jpg,0.5777,0.5906,False,简单图片
481390,000000481390.jpg,0.498,0.5616,True,复杂图片
11813,000000011813.jpg,0.7458,0.847,False,简单图片
289343,000000289343.jpg,0.4578,0.5332,True,复杂图片
503823,000000503823.jpg,0.4896,0.5109,True,复杂图片
468632,000000468632.jpg,0.4455,0.5807,True,复杂图片
32817,000000032817.jpg,0.3025,0.6912,False,简单图片
52507,000000052507.jpg,0.4842,0.6225,True,复杂图片
43816,000000043816.jpg,0.699,0.7383,True,复杂图片
53624,000000053624.jpg,0.6443,0.6748,True,复杂图片
175438,000000175438.jpg,0.5668,0.6094,False,简单图片
143572,000000143572.jpg,0.5189,0.6094,False,简单图片
445602,000000445602.jpg,0.1213,0.3438,True,复杂图片
355677,000000355677.jpg,0.6932,0.1126,False,简单图片
484978,000000484978.jpg,0.5226,0.5496,False,简单图片
368038,000000368038.jpg,0.0185,0.5955,False,简单图片
500613,000000500613.jpg,0.4115,0.6583,False,简单图片
502737,000000502737.jpg,0.5816,0.5772,False,简单图片
172571,000000172571.jpg,0.4374,0.4285,False,简单图片
475064,000000475064.jpg,0.649,0.7439,False,简单图片
76547,000000076547.jpg,0.5057,0.5429,False,简单图片
302882,000000302882.jpg,0.1158,0.4185,False,简单图片
185802,000000185802.jpg,0.4852,0.6422,False,简单图片
133778,000000133778.jpg,0.9085,0.9099,True,复杂图片
34257,000000034257.jpg,0.3797,0.3512,False,简单图片
15272,000000015272.jpg,0.0296,0.0295,False,简单图片
17379,000000017379.jpg,0.7122,0.7137,False,简单图片
277584,000000277584.jpg,0.3857,0.4494,False,简单图片
437110,000000437110.jpg,0.9508,0.9547,True,复杂图片
177213,000000177213.jpg,0.6148,0.6029,False,简单图片
463842,000000463842.jpg,0.7372,0.7588,False,简单图片
145020,000000145020.jpg,0.3584,0.3491,True,复杂图片
78748,000000078748.jpg,0.4577,0.4685,False,简单图片
277689,000000277689.jpg,0.62,0.6702,False,简单图片
571943,000000571943.jpg,0.2312,0.2317,False,简单图片
372317,000000372317.jpg,0.9351,0.9293,True,复杂图片
16451,000000016451.jpg,0.6114,0.6166,False,简单图片
463174,000000463174.jpg,0.5886,0.5975,True,复杂图片
509719,000000509719.jpg,0.7819,0.4624,True,复杂图片
212895,000000212895.jpg,0.7826,0.813,True,复杂图片
174482,000000174482.jpg,0.7331,0.681,False,简单图片
299553,000000299553.jpg,0.6276,0.5982,True,复杂图片
374369,000000374369.jpg,0.3303,0.1342,True,复杂图片
271402,000000271402.jpg,0.5369,0.675,True,复杂图片
21903,000000021903.jpg,0.5224,0.7217,False,简单图片
111036,000000111036.jpg,0.9026,0.9034,False,简单图片
507797,000000507797.jpg,0.5316,0.573,True,复杂图片
547144,000000547144.jpg,0.7941,0.7422,False,简单图片
213830,000000213830.jpg,0.3598,0.5487,True,复杂图片
6012,000000006012.jpg,0.6405,0.0989,False,简单图片
47571,000000047571.jpg,0.5822,0.7896,True,复杂图片
355240,000000355240.jpg,0.4835,0.6471,True,复杂图片
461573,000000461573.jpg,0.0649,0.1948,True,复杂图片
134722,000000134722.jpg,0.7604,0.7696,False,简单图片
279769,000000279769.jpg,0.3789,0.4076,False,简单图片
302165,000000302165.jpg,0.6037,0.5806,True,复杂图片
137294,000000137294.jpg,0.1664,0.3707,False,简单图片
489305,000000489305.jpg,0.5825,0.5839,False,简单图片
144798,000000144798.jpg,0.7852,0.7839,False,简单图片
309655,000000309655.jpg,0.5794,0.5565,True,复杂图片
112626,000000112626.jpg,0.5337,0.5332,False,简单图片
431896,000000431896.jpg,0.019,0.0192,False,简单图片
7818,000000007818.jpg,0.4916,0.6113,True,复杂图片
219283,000000219283.jpg,0.6844,0.6807,False,简单图片
323263,000000323263.jpg,0.4599,0.4565,False,简单图片
474786,000000474786.jpg,0.6045,0.6797,False,简单图片
23126,000000023126.jpg,0.4354,0.5416,True,复杂图片
94751,000000094751.jpg,0.5465,0.5634,True,复杂图片
370375,000000370375.jpg,0.688,0.6972,False,简单图片
565989,000000565989.jpg,0.8817,0.8835,False,简单图片
125211,000000125211.jpg,0.9188,0.9304,False,简单图片
151000,000000151000.jpg,0.5793,0.5646,True,复杂图片
339823,000000339823.jpg,0.8329,0.7679,False,简单图片
544565,000000544565.jpg,0.5787,0.5591,False,简单图片
35326,000000035326.jpg,0.4176,0.2688,False,简单图片
94871,000000094871.jpg,0.6413,0.7294,True,复杂图片
562561,000000562561.jpg,0.7462,0.7445,False,简单图片
46463,000000046463.jpg,0.3507,0.3709,False,简单图片
463527,000000463527.jpg,0.4825,0.5667,False,简单图片
532901,000000532901.jpg,0.5364,0.5183,False,简单图片
189806,000000189806.jpg,0.4649,0.5842,False,简单图片
454661,000000454661.jpg,0.4302,0.4046,False,简单图片
549220,000000549220.jpg,0.5148,0.4473,False,简单图片
301061,000000301061.jpg,0.1597,0.5166,True,复杂图片
555005,000000555005.jpg,0.6056,0.5825,False,简单图片
176901,000000176901.jpg,0.281,0.3754,True,复杂图片
246968,000000246968.jpg,0.4265,0.4617,True,复杂图片
374727,000000374727.jpg,0.0,0.0,False,简单图片
102356,000000102356.jpg,0.2409,0.422,True,复杂图片
511453,000000511453.jpg,0.4191,0.6299,False,简单图片
109827,000000109827.jpg,0.8665,0.8662,False,简单图片
572462,000000572462.jpg,0.47,0.4412,False,简单图片
311392,000000311392.jpg,0.5974,0.6266,True,复杂图片
452122,000000452122.jpg,0.8706,0.867,True,复杂图片
370677,000000370677.jpg,0.5648,0.5297,True,复杂图片
286523,000000286523.jpg,0.0042,0.1788,True,复杂图片
356261,000000356261.jpg,0.0841,0.4667,True,复杂图片
13348,000000013348.jpg,0.6648,0.6331,True,复杂图片
57150,000000057150.jpg,0.4355,0.4782,False,简单图片
387383,000000387383.jpg,0.371,0.7132,True,复杂图片
406129,000000406129.jpg,0.7384,0.7711,True,复杂图片
394275,000000394275.jpg,0.3747,0.3907,False,简单图片
386352,000000386352.jpg,0.3309,0.4359,False,简单图片
117525,000000117525.jpg,0.6652,0.7348,False,简单图片
433774,000000433774.jpg,0.7296,0.5866,True,复杂图片
179765,000000179765.jpg,0.0308,0.1618,True,复杂图片
83113,000000083113.jpg,0.8579,0.8927,True,复杂图片
440171,000000440171.jpg,0.5206,0.1877,False,简单图片
16010,000000016010.jpg,0.6793,0.5797,True,复杂图片
523241,000000523241.jpg,0.6251,0.7803,False,简单图片
560011,000000560011.jpg,0.6038,0.5985,False,简单图片
433374,000000433374.jpg,0.7361,0.8696,False,简单图片
453302,000000453302.jpg,0.4851,0.457,False,简单图片
456292,000000456292.jpg,0.4179,0.4177,False,简单图片
576052,000000576052.jpg,0.5288,0.5185,True,复杂图片
476787,000000476787.jpg,0.5684,0.6211,False,简单图片
362682,000000362682.jpg,0.6898,0.3434,False,简单图片
390246,000000390246.jpg,0.7073,0.7074,True,复杂图片
446703,000000446703.jpg,0.4185,0.6923,False,简单图片
355817,000000355817.jpg,0.2852,0.2777,False,简单图片
84170,000000084170.jpg,0.5134,0.5881,False,简单图片
534827,000000534827.jpg,0.3178,0.3698,True,复杂图片
172396,000000172396.jpg,0.0851,0.121,False,简单图片
70158,000000070158.jpg,0.5177,0.6602,True,复杂图片
539143,000000539143.jpg,0.0198,0.937,False,简单图片
524850,000000524850.jpg,0.5894,0.5782,True,复杂图片
165713,000000165713.jpg,0.5409,0.5346,False,简单图片
87038,000000087038.jpg,0.5874,0.6026,True,复杂图片
550426,000000550426.jpg,0.263,0.2678,False,简单图片
73118,000000073118.jpg,0.4554,0.6841,False,简单图片
370818,000000370818.jpg,0.7847,0.7903,False,简单图片
549674,000000549674.jpg,0.4902,0.4896,False,简单图片
530146,000000530146.jpg,0.6236,0.6203,False,简单图片
44260,000000044260.jpg,0.8552,0.8652,False,简单图片
320642,000000320642.jpg,0.6102,0.6656,False,简单图片
537991,000000537991.jpg,0.5183,0.494,False,简单图片
47828,000000047828.jpg,0.6396,0.621,True,复杂图片
90891,000000090891.jpg,0.3059,0.3332,False,简单图片
147729,000000147729.jpg,0.6747,0.5905,False,简单图片
479596,000000479596.jpg,0.7703,0.7481,False,简单图片
92839,000000092839.jpg,0.9449,0.9437,False,简单图片
211042,000000211042.jpg,0.5223,0.5198,True,复杂图片
476415,000000476415.jpg,0.4611,0.5158,False,简单图片
300341,000000300341.jpg,0.6347,0.6444,False,简单图片
353518,000000353518.jpg,0.4984,0.4339,False,简单图片
486040,000000486040.jpg,0.7021,0.751,False,简单图片
135890,000000135890.jpg,0.7541,0.7432,True,复杂图片
330818,000000330818.jpg,0.6057,0.6788,False,简单图片
478286,000000478286.jpg,0.0114,0.0198,False,简单图片
315492,000000315492.jpg,0.4912,0.6004,False,简单图片
307074,000000307074.jpg,0.5621,0.565,True,复杂图片
78565,000000078565.jpg,0.6263,0.6056,True,复杂图片
55950,000000055950.jpg,0.7104,0.7111,False,简单图片
365385,000000365385.jpg,0.3359,0.7394,False,简单图片
148707,000000148707.jpg,0.4821,0.8898,True,复杂图片
117374,000000117374.jpg,0.7337,0.7291,False,简单图片
309938,000000309938.jpg,0.4839,0.6291,False,简单图片
88432,000000088432.jpg,0.4812,0.6311,False,简单图片
43581,000000043581.jpg,0.161,0.501,False,简单图片
12576,000000012576.jpg,0.5397,0.611,False,简单图片
491008,000000491008.jpg,0.5137,0.505,False,简单图片
523782,000000523782.jpg,0.3019,0.6889,False,简单图片
220310,000000220310.jpg,0.2555,0.6119,False,简单图片
133244,000000133244.jpg,0.5189,0.5377,False,简单图片
409198,000000409198.jpg,0.4787,0.5742,True,复杂图片
122166,000000122166.jpg,0.6311,0.6246,True,复杂图片
523033,000000523033.jpg,0.6955,0.6963,True,复杂图片
442306,000000442306.jpg,0.4666,0.934,True,复杂图片
571718,000000571718.jpg,0.4358,0.4617,False,简单图片
231097,000000231097.jpg,0.5615,0.5478,False,简单图片
318138,000000318138.jpg,0.5309,0.6567,False,简单图片
194471,000000194471.jpg,0.5209,0.6274,True,复杂图片
396274,000000396274.jpg,0.8162,0.8131,False,简单图片
199395,000000199395.jpg,0.5587,0.323,True,复杂图片
162130,000000162130.jpg,0.8438,0.8266,True,复杂图片
380706,000000380706.jpg,0.6402,0.6742,True,复杂图片
296284,000000296284.jpg,0.8474,0.8596,False,简单图片
23666,000000023666.jpg,0.8925,0.0811,False,简单图片
29596,000000029596.jpg,0.4084,0.3229,False,简单图片
432085,000000432085.jpg,0.6656,0.6647,False,简单图片
210388,000000210388.jpg,0.4422,0.6197,False,简单图片
469174,000000469174.jpg,0.8696,0.8998,True,复杂图片
417249,000000417249.jpg,0.5581,0.6538,False,简单图片
216419,000000216419.jpg,0.1209,0.1257,False,简单图片
392933,000000392933.jpg,0.7011,0.7287,True,复杂图片
202228,000000202228.jpg,0.1908,0.9137,True,复杂图片
385997,000000385997.jpg,0.4658,0.4989,True,复杂图片
567011,000000567011.jpg,0.7385,0.7439,True,复杂图片
580410,000000580410.jpg,0.5713,0.4799,True,复杂图片
512330,000000512330.jpg,0.5568,0.6149,True,复杂图片
212226,000000212226.jpg,0.037,0.593,True,复杂图片
151516,000000151516.jpg,0.0674,0.8663,True,复杂图片
91619,000000091619.jpg,0.0479,0.0483,False,简单图片
500826,000000500826.jpg,0.2159,0.8368,False,简单图片
326542,000000326542.jpg,0.6734,0.6587,True,复杂图片
429761,000000429761.jpg,0.7242,0.5857,True,复杂图片
259597,000000259597.jpg,0.4304,0.4889,False,简单图片
513567,000000513567.jpg,0.5067,0.5612,True,复杂图片
341058,000000341058.jpg,0.5788,0.6343,False,简单图片
379476,000000379476.jpg,0.331,0.3413,False,简单图片
186873,000000186873.jpg,0.7163,0.7532,True,复杂图片
131556,000000131556.jpg,0.3821,0.4795,True,复杂图片
463849,000000463849.jpg,0.578,0.5231,True,复杂图片
311883,000000311883.jpg,0.7241,0.6751,True,复杂图片
33759,000000033759.jpg,0.5632,0.5253,True,复杂图片
537964,000000537964.jpg,0.7959,0.9061,False,简单图片
250205,000000250205.jpg,0.3602,0.6188,True,复杂图片
304812,000000304812.jpg,0.623,0.5082,True,复杂图片
80274,000000080274.jpg,0.408,0.6842,True,复杂图片
130579,000000130579.jpg,0.8623,0.6593,False,简单图片
446522,000000446522.jpg,0.491,0.4747,True,复杂图片
226984,000000226984.jpg,0.5409,0.5243,True,复杂图片
86755,000000086755.jpg,0.4063,0.5427,True,复杂图片
579902,000000579902.jpg,0.3405,0.4879,False,简单图片
416343,000000416343.jpg,0.501,0.6836,False,简单图片
449603,000000449603.jpg,0.4622,0.5564,True,复杂图片
15278,000000015278.jpg,0.0059,0.0073,False,简单图片
570448,000000570448.jpg,0.66,0.5999,True,复杂图片
236599,000000236599.jpg,0.5486,0.6449,True,复杂图片
529122,000000529122.jpg,0.3789,0.284,True,复杂图片
58636,000000058636.jpg,0.0,0.0,False,简单图片
210520,000000210520.jpg,0.6695,0.641,False,简单图片
140556,000000140556.jpg,0.5064,0.5328,False,简单图片
242724,000000242724.jpg,0.226,0.5493,False,简单图片
104603,000000104603.jpg,0.832,0.841,True,复杂图片
228771,000000228771.jpg,0.0,0.0,False,简单图片
296222,000000296222.jpg,0.4709,0.4195,False,简单图片
356498,000000356498.jpg,0.7136,0.7054,False,简单图片
511076,000000511076.jpg,0.5715,0.6094,True,复杂图片
468505,000000468505.jpg,0.4711,0.4779,True,复杂图片
377635,000000377635.jpg,0.6146,0.7159,True,复杂图片
379842,000000379842.jpg,0.1372,0.258,True,复杂图片
73153,000000073153.jpg,0.1509,0.1512,True,复杂图片
157418,000000157418.jpg,0.5299,0.6815,False,简单图片
309452,000000309452.jpg,0.5831,0.593,False,简单图片
410934,000000410934.jpg,0.8745,0.8779,False,简单图片
441553,000000441553.jpg,0.4267,0.5205,True,复杂图片
454978,000000454978.jpg,0.0858,0.0856,False,简单图片
555597,000000555597.jpg,0.6415,0.6208,True,复杂图片
581482,000000581482.jpg,0.0586,0.0491,False,简单图片
45472,000000045472.jpg,0.352,0.7635,False,简单图片
332570,000000332570.jpg,0.1746,0.6409,False,简单图片
430961,000000430961.jpg,0.5112,0.7139,True,复杂图片
461036,000000461036.jpg,0.854,0.8523,False,简单图片
311180,000000311180.jpg,0.4818,0.5354,True,复杂图片
97337,000000097337.jpg,0.4712,0.4357,False,简单图片
8629,000000008629.jpg,0.6748,0.6419,False,简单图片
440507,000000440507.jpg,0.3118,0.2431,True,复杂图片
525286,000000525286.jpg,0.0241,0.0231,False,简单图片
187990,000000187990.jpg,0.7779,0.4048,True,复杂图片
562229,000000562229.jpg,0.6087,0.449,True,复杂图片
265518,000000265518.jpg,0.2205,0.2181,True,复杂图片
245173,000000245173.jpg,0.5144,0.508,False,简单图片
193743,000000193743.jpg,0.7434,0.6493,True,复杂图片
504000,000000504000.jpg,0.4301,0.5142,True,复杂图片
91779,000000091779.jpg,0.5188,0.6154,False,简单图片
56344,000000056344.jpg,0.7814,0.67,False,简单图片
492362,000000492362.jpg,0.5796,0.4576,True,复杂图片
394328,000000394328.jpg,0.6879,0.27,False,简单图片
335450,000000335450.jpg,0.5878,0.513,True,复杂图片
224807,000000224807.jpg,0.5175,0.57,True,复杂图片
319935,000000319935.jpg,0.5359,0.507,False,简单图片
472375,000000472375.jpg,0.6567,0.6315,True,复杂图片
69356,000000069356.jpg,0.5551,0.5484,True,复杂图片
15440,000000015440.jpg,0.3269,0.2114,False,简单图片
327780,000000327780.jpg,0.3983,0.7794,True,复杂图片
368456,000000368456.jpg,0.1926,0.4077,False,简单图片
23781,000000023781.jpg,0.8644,0.7472,False,简单图片
150649,000000150649.jpg,0.3215,0.4915,True,复杂图片
133969,000000133969.jpg,0.4056,0.4801,True,复杂图片
17436,000000017436.jpg,0.4146,0.6021,False,简单图片
325306,000000325306.jpg,0.8036,0.8093,True,复杂图片
187362,000000187362.jpg,0.8342,0.8389,True,复杂图片
343076,000000343076.jpg,0.2731,0.4389,True,复杂图片
190753,000000190753.jpg,0.4946,0.4702,True,复杂图片
404191,000000404191.jpg,0.6063,0.9589,False,简单图片
273712,000000273712.jpg,0.9526,0.8199,False,简单图片
157601,000000157601.jpg,0.37,0.3798,False,简单图片
476514,000000476514.jpg,0.5999,0.6525,True,复杂图片
261888,000000261888.jpg,0.5156,0.6673,True,复杂图片
530820,000000530820.jpg,0.4358,0.4673,True,复杂图片
246963,000000246963.jpg,0.3606,0.4053,False,简单图片
458410,000000458410.jpg,0.6037,0.6061,True,复杂图片
360951,000000360951.jpg,0.7509,0.7546,False,简单图片
361919,000000361919.jpg,0.6486,0.5945,True,复杂图片
145665,000000145665.jpg,0.6409,0.8419,False,简单图片
22396,000000022396.jpg,0.9482,0.9396,True,复杂图片
131131,000000131131.jpg,0.3578,0.4163,False,简单图片
215072,000000215072.jpg,0.5591,0.5628,True,复杂图片
273617,000000273617.jpg,0.9089,0.8878,False,简单图片
156643,000000156643.jpg,0.4216,0.4279,False,简单图片
86956,000000086956.jpg,0.5609,0.7652,False,简单图片
205776,000000205776.jpg,0.8139,0.8261,False,简单图片
243626,000000243626.jpg,0.7396,0.7737,True,复杂图片
255401,000000255401.jpg,0.7455,0.5794,False,简单图片
425906,000000425906.jpg,0.4508,0.4152,False,简单图片
54931,000000054931.jpg,0.6425,0.6703,True,复杂图片
581062,000000581062.jpg,0.7135,0.2979,True,复杂图片
69213,000000069213.jpg,0.5747,0.5128,False,简单图片
520324,000000520324.jpg,0.3695,0.4988,True,复杂图片
521231,000000521231.jpg,0.9405,0.9395,False,简单图片
356612,000000356612.jpg,0.4422,0.4947,False,简单图片
257624,000000257624.jpg,0.2873,0.6608,False,简单图片
466339,000000466339.jpg,0.7827,0.781,False,简单图片
181969,000000181969.jpg,0.4814,0.5086,True,复杂图片
173091,000000173091.jpg,0.3713,0.5109,False,简单图片
14439,000000014439.jpg,0.5796,0.6203,True,复杂图片
524742,000000524742.jpg,0.0069,0.0846,False,简单图片
458790,000000458790.jpg,0.0,0.0,False,简单图片
180487,000000180487.jpg,0.6308,0.6739,False,简单图片
338560,000000338560.jpg,0.7381,0.6276,True,复杂图片
331352,000000331352.jpg,0.296,0.7011,False,简单图片
554595,000000554595.jpg,0.4351,0.1489,False,简单图片
291664,000000291664.jpg,0.8629,0.9156,True,复杂图片
78170,000000078170.jpg,0.4995,0.4407,False,简单图片
255965,000000255965.jpg,0.8814,0.884,False,简单图片
562581,000000562581.jpg,0.5428,0.7157,True,复杂图片
382030,000000382030.jpg,0.416,0.6227,True,复杂图片
208363,000000208363.jpg,0.2966,0.3778,True,复杂图片
545826,000000545826.jpg,0.4697,0.5008,False,简单图片
421455,000000421455.jpg,0.519,0.3862,False,简单图片
181499,000000181499.jpg,0.4314,0.4318,False,简单图片
260106,000000260106.jpg,0.5794,0.5392,False,简单图片
177714,000000177714.jpg,0.8242,0.7744,False,简单图片
1490,000000001490.jpg,0.4317,0.8105,True,复杂图片
127270,000000127270.jpg,0.2859,0.3547,False,简单图片
20333,000000020333.jpg,0.4003,0.5589,False,简单图片
320706,000000320706.jpg,0.0,0.0,False,简单图片
279730,000000279730.jpg,0.6521,0.8108,False,简单图片
98261,000000098261.jpg,0.8023,0.6066,True,复杂图片
190853,000000190853.jpg,0.5456,0.5396,False,简单图片
371699,000000371699.jpg,0.3998,0.4056,True,复杂图片
454067,000000454067.jpg,0.3812,0.5004,True,复杂图片
499031,000000499031.jpg,0.4027,0.4531,False,简单图片
384350,000000384350.jpg,0.3296,0.7386,True,复杂图片
162581,000000162581.jpg,0.5694,0.4439,True,复杂图片
91500,000000091500.jpg,0.5468,0.6054,True,复杂图片
442463,000000442463.jpg,0.5131,0.5123,True,复杂图片
60090,000000060090.jpg,0.2468,0.3522,True,复杂图片
323496,000000323496.jpg,0.5975,0.6544,True,复杂图片
123213,000000123213.jpg,0.4671,0.5329,True,复杂图片
130465,000000130465.jpg,0.4383,0.4346,False,简单图片
261061,000000261061.jpg,0.5271,0.4958,False,简单图片
196843,000000196843.jpg,0.5997,0.6306,True,复杂图片
87144,000000087144.jpg,0.5659,0.4498,False,简单图片
125936,000000125936.jpg,0.6785,0.6973,False,简单图片
489842,000000489842.jpg,0.4738,0.4759,False,简单图片
556193,000000556193.jpg,0.602,0.4848,False,简单图片
265108,000000265108.jpg,0.3399,0.7227,True,复杂图片
319369,000000319369.jpg,0.5585,0.5856,True,复杂图片
552883,000000552883.jpg,0.5017,0.7265,True,复杂图片
263969,000000263969.jpg,0.5591,0.6439,False,简单图片
223090,000000223090.jpg,0.4815,0.7958,False,简单图片
776,000000000776.jpg,0.4017,0.4881,False,简单图片
345385,000000345385.jpg,0.3491,0.4315,False,简单图片
488673,000000488673.jpg,0.4933,0.6313,False,简单图片
419096,000000419096.jpg,0.0009,0.5486,False,简单图片
489764,000000489764.jpg,0.3382,0.4224,True,复杂图片
360097,000000360097.jpg,0.6628,0.6449,False,简单图片
4134,000000004134.jpg,0.4924,0.5245,False,简单图片
289516,000000289516.jpg,0.4566,0.4595,False,简单图片
565153,000000565153.jpg,0.2497,0.2521,False,简单图片
248752,000000248752.jpg,0.6147,0.6152,True,复杂图片
261982,000000261982.jpg,0.484,0.7236,False,简单图片
342006,000000342006.jpg,0.5799,0.6125,True,复杂图片
195045,000000195045.jpg,0.6634,0.6733,True,复杂图片
98018,000000098018.jpg,0.6753,0.6661,False,简单图片
309495,000000309495.jpg,0.8784,0.8869,False,简单图片
239318,000000239318.jpg,0.3451,0.5009,False,简单图片
575815,000000575815.jpg,0.0166,0.0168,False,简单图片
180878,000000180878.jpg,0.4895,0.4903,False,简单图片
222458,000000222458.jpg,0.7343,0.755,True,复杂图片
275791,000000275791.jpg,0.2777,0.3899,False,简单图片
32570,000000032570.jpg,0.6204,0.8182,True,复杂图片
329542,000000329542.jpg,0.34,0.3571,False,简单图片
150726,000000150726.jpg,0.7327,0.6146,True,复杂图片
7795,000000007795.jpg,0.2332,0.269,False,简单图片
48924,000000048924.jpg,0.6057,0.8626,False,简单图片
405972,000000405972.jpg,0.4704,0.471,True,复杂图片
455872,000000455872.jpg,0.4501,0.4525,False,简单图片
407650,000000407650.jpg,0.8225,0.8663,True,复杂图片
531771,000000531771.jpg,0.1002,0.1184,False,简单图片
239627,000000239627.jpg,0.4309,0.4529,False,简单图片
535156,000000535156.jpg,0.473,0.784,True,复杂图片
314294,000000314294.jpg,0.7846,0.7874,False,简单图片
110884,000000110884.jpg,0.8454,0.8508,False,简单图片
450758,000000450758.jpg,0.7107,0.6262,True,复杂图片
400044,000000400044.jpg,0.6576,0.4607,True,复杂图片
50145,000000050145.jpg,0.4428,0.5017,False,简单图片
348243,000000348243.jpg,0.6873,0.8703,True,复杂图片
189828,000000189828.jpg,0.3446,0.9152,True,复杂图片
87875,000000087875.jpg,0.8569,0.8514,False,简单图片
166768,000000166768.jpg,0.6406,0.7121,False,简单图片
48555,000000048555.jpg,0.3857,0.3724,True,复杂图片
368752,000000368752.jpg,0.3782,0.4363,False,简单图片
550691,000000550691.jpg,0.4381,0.636,True,复杂图片
472298,000000472298.jpg,0.5341,0.5311,False,简单图片
554291,000000554291.jpg,0.4981,0.5022,False,简单图片
559099,000000559099.jpg,0.724,0.7072,True,复杂图片
171382,000000171382.jpg,0.5784,0.6435,True,复杂图片
289229,000000289229.jpg,0.9052,0.8015,False,简单图片
344795,000000344795.jpg,0.5127,0.5144,False,简单图片
578792,000000578792.jpg,0.3527,0.1274,True,复杂图片
438269,000000438269.jpg,0.8235,0.0452,True,复杂图片
23230,000000023230.jpg,0.6212,0.6686,True,复杂图片
577976,000000577976.jpg,0.7288,0.7449,False,简单图片
234526,000000234526.jpg,0.5954,0.8111,True,复杂图片
48564,000000048564.jpg,0.4396,0.6382,False,简单图片
267191,000000267191.jpg,0.6666,0.6384,False,简单图片
147205,000000147205.jpg,0.5122,0.5016,False,简单图片
532530,000000532530.jpg,0.6163,0.5739,True,复杂图片
145620,000000145620.jpg,0.5453,0.5781,True,复杂图片
432468,000000432468.jpg,0.5321,0.8486,False,简单图片
201148,000000201148.jpg,0.5566,0.5914,False,简单图片
95786,000000095786.jpg,0.8855,0.6178,False,简单图片
95155,000000095155.jpg,0.4334,0.4455,True,复杂图片
89078,000000089078.jpg,0.3964,0.3084,True,复杂图片
284743,000000284743.jpg,0.4865,0.5155,False,简单图片
65350,000000065350.jpg,0.4204,0.3792,False,简单图片
396526,000000396526.jpg,0.4084,0.4911,False,简单图片
336209,000000336209.jpg,0.2455,0.4596,True,复杂图片
429623,000000429623.jpg,0.3838,0.36,False,简单图片
493019,000000493019.jpg,0.6754,0.6604,True,复杂图片
331317,000000331317.jpg,0.0349,0.0334,True,复杂图片
408112,000000408112.jpg,0.7512,0.6372,True,复杂图片
313034,000000313034.jpg,0.6647,0.5599,True,复杂图片
321790,000000321790.jpg,0.6979,0.9052,False,简单图片
411530,000000411530.jpg,0.3963,0.4956,True,复杂图片
105455,000000105455.jpg,0.7688,0.7977,False,简单图片
16598,000000016598.jpg,0.7394,0.3951,False,简单图片
47740,000000047740.jpg,0.5069,0.5489,False,简单图片
109992,000000109992.jpg,0.633,0.6565,True,复杂图片
303653,000000303653.jpg,0.5815,0.4954,False,简单图片
130386,000000130386.jpg,0.55,0.5854,True,复杂图片
566758,000000566758.jpg,0.2833,0.2889,False,简单图片
122046,000000122046.jpg,0.061,0.5103,False,简单图片
185250,000000185250.jpg,0.6937,0.729,True,复杂图片
121744,000000121744.jpg,0.4357,0.5042,False,简单图片
565012,000000565012.jpg,0.7182,0.7129,True,复杂图片
109900,000000109900.jpg,0.3177,0.43,True,复杂图片
426166,000000426166.jpg,0.5506,0.4879,False,简单图片
284762,000000284762.jpg,0.1033,0.104,False,简单图片
493905,000000493905.jpg,0.6951,0.721,False,简单图片
506178,000000506178.jpg,0.457,0.3298,False,简单图片
288685,000000288685.jpg,0.5635,0.4994,True,复杂图片
483050,000000483050.jpg,0.8215,0.7037,True,复杂图片
160012,000000160012.jpg,0.2532,0.2799,False,简单图片
161609,000000161609.jpg,0.4852,0.5624,False,简单图片
157046,000000157046.jpg,0.5361,0.6647,True,复杂图片
446574,000000446574.jpg,0.567,0.6355,False,简单图片
359855,000000359855.jpg,0.7547,0.9251,False,简单图片
209753,000000209753.jpg,0.3843,0.381,False,简单图片
183049,000000183049.jpg,0.6253,0.6582,False,简单图片
223955,000000223955.jpg,0.5817,0.9313,True,复杂图片
60507,000000060507.jpg,0.5418,0.6276,True,复杂图片
60102,000000060102.jpg,0.2491,0.5435,False,简单图片
289702,000000289702.jpg,0.3779,0.3809,False,简单图片
115245,000000115245.jpg,0.7349,0.7516,False,简单图片
58029,000000058029.jpg,0.1585,0.6589,False,简单图片
135872,000000135872.jpg,0.6563,0.7211,True,复杂图片
579818,000000579818.jpg,0.1517,0.5718,True,复杂图片
161008,000000161008.jpg,0.0071,0.1307,True,复杂图片
170595,000000170595.jpg,0.4634,0.7394,True,复杂图片
358427,000000358427.jpg,0.6503,0.7782,False,简单图片
266400,000000266400.jpg,0.2911,0.4305,True,复杂图片
417085,000000417085.jpg,0.8056,0.8208,True,复杂图片
417911,000000417911.jpg,0.4992,0.6797,True,复杂图片
581206,000000581206.jpg,0.4847,0.5726,False,简单图片
11149,000000011149.jpg,0.3371,0.3965,False,简单图片
459809,000000459809.jpg,0.5988,0.4595,True,复杂图片
491757,000000491757.jpg,0.8242,0.5154,False,简单图片
527616,000000527616.jpg,0.6493,0.5232,False,简单图片
287714,000000287714.jpg,0.7786,0.7798,False,简单图片
258388,000000258388.jpg,0.2475,0.331,True,复杂图片
235064,000000235064.jpg,0.8952,0.8991,False,简单图片
139260,000000139260.jpg,0.538,0.5342,False,简单图片
126107,000000126107.jpg,0.4398,0.5763,True,复杂图片
15335,000000015335.jpg,0.4903,0.5167,False,简单图片
522713,000000522713.jpg,0.5253,0.5256,True,复杂图片
425226,000000425226.jpg,0.5661,0.5768,True,复杂图片
149622,000000149622.jpg,0.8219,0.7609,True,复杂图片
110999,000000110999.jpg,0.6228,0.665,False,简单图片
478862,000000478862.jpg,0.5606,0.5441,True,复杂图片
224093,000000224093.jpg,0.7149,0.8391,True,复杂图片
262938,000000262938.jpg,0.561,0.4742,False,简单图片
463802,000000463802.jpg,0.5406,0.6402,False,简单图片
260470,000000260470.jpg,0.5035,0.5149,False,简单图片
425227,000000425227.jpg,0.7564,0.7979,True,复杂图片
163117,000000163117.jpg,0.6891,0.6427,True,复杂图片
280710,000000280710.jpg,0.5387,0.5128,True,复杂图片
334006,000000334006.jpg,0.6002,0.2882,False,简单图片
378139,000000378139.jpg,0.4726,0.4907,True,复杂图片
576031,000000576031.jpg,0.5231,0.6877,True,复杂图片
270402,000000270402.jpg,0.4533,0.4588,True,复杂图片
36539,000000036539.jpg,0.4828,0.3547,False,简单图片
573258,000000573258.jpg,0.5419,0.653,False,简单图片
195754,000000195754.jpg,0.3699,0.3662,False,简单图片
553990,000000553990.jpg,0.0803,0.5877,True,复杂图片
507667,000000507667.jpg,0.5062,0.5326,False,简单图片
465675,000000465675.jpg,0.8153,0.4939,False,简单图片
359833,000000359833.jpg,0.4917,0.5125,False,简单图片
26926,000000026926.jpg,0.618,0.8083,False,简单图片
345361,000000345361.jpg,0.5137,0.5766,False,简单图片
230450,000000230450.jpg,0.6328,0.6091,True,复杂图片
505573,000000505573.jpg,0.6077,0.8535,True,复杂图片
440617,000000440617.jpg,0.8834,0.3081,False,简单图片
575081,000000575081.jpg,0.1382,0.6245,True,复杂图片
225946,000000225946.jpg,0.0969,0.2756,False,简单图片
132796,000000132796.jpg,0.4265,0.3775,False,简单图片
223747,000000223747.jpg,0.4203,0.3947,False,简单图片
227482,000000227482.jpg,0.6931,0.6908,True,复杂图片
271997,000000271997.jpg,0.9024,0.7173,False,简单图片
148739,000000148739.jpg,0.207,0.6683,True,复杂图片
84431,000000084431.jpg,0.8418,0.9364,False,简单图片
234660,000000234660.jpg,0.8776,0.8906,False,简单图片
179112,000000179112.jpg,0.8731,0.871,False,简单图片
191580,000000191580.jpg,0.6041,0.4836,False,简单图片
1503,000000001503.jpg,0.686,0.6463,False,简单图片
97278,000000097278.jpg,0.3282,0.6072,True,复杂图片
549167,000000549167.jpg,0.4915,0.4892,False,简单图片
168337,000000168337.jpg,0.7671,0.8824,False,简单图片
521717,000000521717.jpg,0.4114,0.6113,True,复杂图片
389109,000000389109.jpg,0.4457,0.4441,False,简单图片
438862,000000438862.jpg,0.3538,0.5861,True,复杂图片
124636,000000124636.jpg,0.7447,0.7047,False,简单图片
423123,000000423123.jpg,0.549,0.6199,True,复杂图片
97679,000000097679.jpg,0.5148,0.5157,False,简单图片
210032,000000210032.jpg,0.4936,0.415,False,简单图片
516677,000000516677.jpg,0.4516,0.476,True,复杂图片
422836,000000422836.jpg,0.4937,0.4522,False,简单图片
519338,000000519338.jpg,0.0058,0.0528,False,简单图片
110359,000000110359.jpg,0.3533,0.3649,True,复杂图片
393282,000000393282.jpg,0.8907,0.8949,True,复杂图片
475365,000000475365.jpg,0.8872,0.9194,False,简单图片
222825,000000222825.jpg,0.6253,0.6298,False,简单图片
151938,000000151938.jpg,0.6403,0.7029,False,简单图片
402473,000000402473.jpg,0.4922,0.3722,False,简单图片
21503,000000021503.jpg,0.6637,0.6658,False,简单图片
112110,000000112110.jpg,0.9074,0.8633,True,复杂图片
373353,000000373353.jpg,0.5321,0.5721,True,复杂图片
123321,000000123321.jpg,0.5131,0.4847,False,简单图片
460841,000000460841.jpg,0.6109,0.4819,False,简单图片
548339,000000548339.jpg,0.4889,0.4735,False,简单图片
267940,000000267940.jpg,0.7028,0.3633,True,复杂图片
164637,000000164637.jpg,0.9727,0.9412,True,复杂图片
273760,000000273760.jpg,0.566,0.5643,True,复杂图片
110784,000000110784.jpg,0.5648,0.5611,False,简单图片
126110,000000126110.jpg,0.3364,0.2707,False,简单图片
357742,000000357742.jpg,0.5035,0.768,True,复杂图片
424521,000000424521.jpg,0.4352,0.7814,True,复杂图片
104803,000000104803.jpg,0.9398,0.4847,False,简单图片
22479,000000022479.jpg,0.3497,0.3777,False,简单图片
310200,000000310200.jpg,0.5685,0.4831,False,简单图片
425221,000000425221.jpg,0.389,0.3464,False,简单图片
185599,000000185599.jpg,0.8455,0.9066,False,简单图片
84270,000000084270.jpg,0.534,0.5589,True,复杂图片
76416,000000076416.jpg,0.5287,0.5171,True,复杂图片
180792,000000180792.jpg,0.3171,0.3997,False,简单图片
347544,000000347544.jpg,0.4851,0.4801,False,简单图片
571857,000000571857.jpg,0.4826,0.4583,True,复杂图片
253433,000000253433.jpg,0.0155,0.0156,False,简单图片
54164,000000054164.jpg,0.4594,0.8387,True,复杂图片
9914,000000009914.jpg,0.6297,0.7819,False,简单图片
21167,000000021167.jpg,0.6018,0.5218,False,简单图片
314264,000000314264.jpg,0.5352,0.4983,False,简单图片
270122,000000270122.jpg,0.7243,0.7214,True,复杂图片
460929,000000460929.jpg,0.3655,0.3646,False,简单图片
90108,000000090108.jpg,0.6304,0.6612,False,简单图片
127987,000000127987.jpg,0.5632,0.7569,False,简单图片
535253,000000535253.jpg,0.4986,0.4621,False,简单图片
459467,000000459467.jpg,0.2016,0.2872,True,复杂图片
389451,000000389451.jpg,0.77,0.7772,True,复杂图片
206994,000000206994.jpg,0.5354,0.0742,False,简单图片
357941,000000357941.jpg,0.8178,0.581,False,简单图片
68409,000000068409.jpg,0.3633,0.3782,True,复杂图片
286553,000000286553.jpg,0.5074,0.4958,False,简单图片
228436,000000228436.jpg,0.4244,0.4616,True,复杂图片
505451,000000505451.jpg,0.3993,0.5148,True,复杂图片
139684,000000139684.jpg,0.6127,0.5011,True,复杂图片
239274,000000239274.jpg,0.5574,0.554,True,复杂图片
177893,000000177893.jpg,0.2832,0.2482,True,复杂图片
375430,000000375430.jpg,0.5632,0.4349,False,简单图片
248400,000000248400.jpg,0.5288,0.624,False,简单图片
323202,000000323202.jpg,0.1213,0.1567,False,简单图片
466416,000000466416.jpg,0.6159,0.7346,True,复杂图片
221502,000000221502.jpg,0.2763,0.1013,True,复杂图片
309678,000000309678.jpg,0.6056,0.502,True,复杂图片
312213,000000312213.jpg,0.4831,0.5045,False,简单图片
6460,000000006460.jpg,0.6544,0.664,True,复杂图片
284445,000000284445.jpg,0.6402,0.6178,True,复杂图片
240250,000000240250.jpg,0.3471,0.4508,False,简单图片
303499,000000303499.jpg,0.5259,0.6124,True,复杂图片
176232,000000176232.jpg,0.8874,0.8926,False,简单图片
338325,000000338325.jpg,0.9121,0.913,True,复杂图片
190637,000000190637.jpg,0.5857,0.697,False,简单图片
415194,000000415194.jpg,0.5295,0.5829,True,复杂图片
150930,000000150930.jpg,0.9736,0.8356,False,简单图片
460229,000000460229.jpg,0.6296,0.494,False,简单图片
561465,000000561465.jpg,0.5605,0.7385,False,简单图片
295478,000000295478.jpg,0.5895,0.9052,True,复杂图片
402519,000000402519.jpg,0.0602,0.5824,False,简单图片
409424,000000409424.jpg,0.7657,0.7688,False,简单图片
80949,000000080949.jpg,0.4513,0.4631,False,简单图片
406417,000000406417.jpg,0.7301,0.8752,True,复杂图片
497628,000000497628.jpg,0.0149,0.5201,True,复杂图片
46872,000000046872.jpg,0.5377,0.6594,True,复杂图片
577149,000000577149.jpg,0.6319,0.6959,True,复杂图片
175387,000000175387.jpg,0.9508,0.9477,False,简单图片
269942,000000269942.jpg,0.6498,0.5308,True,复杂图片
299720,000000299720.jpg,0.6598,0.938,False,简单图片
209222,000000209222.jpg,0.4573,0.485,True,复杂图片
54123,000000054123.jpg,0.6403,0.7787,True,复杂图片
508370,000000508370.jpg,0.5063,0.5116,True,复杂图片
158227,000000158227.jpg,0.8574,0.8553,False,简单图片
135673,000000135673.jpg,0.819,0.8145,True,复杂图片
425925,000000425925.jpg,0.5626,0.5914,True,复杂图片
112997,000000112997.jpg,0.6914,0.6954,False,简单图片
500478,000000500478.jpg,0.6214,0.6225,False,简单图片
85682,000000085682.jpg,0.4675,0.4147,True,复杂图片
264441,000000264441.jpg,0.3961,0.7793,True,复杂图片
184400,000000184400.jpg,0.4321,0.4145,True,复杂图片
147498,000000147498.jpg,0.3474,0.3013,True,复杂图片
487583,000000487583.jpg,0.5075,0.5237,False,简单图片
550714,000000550714.jpg,0.2055,0.6479,False,简单图片
530457,000000530457.jpg,0.383,0.368,False,简单图片
50326,000000050326.jpg,0.4022,0.551,True,复杂图片
183965,000000183965.jpg,0.5017,0.5389,False,简单图片
50165,000000050165.jpg,0.0044,0.6244,False,简单图片
499181,000000499181.jpg,0.6492,0.5167,False,简单图片
25593,000000025593.jpg,0.0,0.0,False,简单图片
263474,000000263474.jpg,0.004,0.0044,False,简单图片
251824,000000251824.jpg,0.4423,0.4498,False,简单图片
15751,000000015751.jpg,0.5787,0.487,False,简单图片
201072,000000201072.jpg,0.6815,0.7404,False,简单图片
514376,000000514376.jpg,0.7002,0.6015,True,复杂图片
211674,000000211674.jpg,0.4827,0.4515,True,复杂图片
322163,000000322163.jpg,0.4864,0.6571,False,简单图片
374551,000000374551.jpg,0.8476,0.9489,True,复杂图片
123480,000000123480.jpg,0.5619,0.5618,True,复杂图片
304560,000000304560.jpg,0.901,0.9026,False,简单图片
184384,000000184384.jpg,0.5488,0.614,False,简单图片
200839,000000200839.jpg,0.7127,0.7646,False,简单图片
88250,000000088250.jpg,0.3156,0.6763,False,简单图片
356169,000000356169.jpg,0.5506,0.5813,True,复杂图片
54654,000000054654.jpg,0.6899,0.8674,False,简单图片
116206,000000116206.jpg,0.4788,0.5568,False,简单图片
503755,000000503755.jpg,0.7405,0.4413,False,简单图片
273198,000000273198.jpg,0.3488,0.5732,False,简单图片
39951,000000039951.jpg,0.7856,0.9164,True,复杂图片
107087,000000107087.jpg,0.1642,0.3002,False,简单图片
140987,000000140987.jpg,0.6236,0.6188,False,简单图片
493772,000000493772.jpg,0.7547,0.7503,True,复杂图片
383606,000000383606.jpg,0.7088,0.6588,True,复杂图片
101762,000000101762.jpg,0.6554,0.7631,True,复杂图片
499313,000000499313.jpg,0.2898,0.6056,False,简单图片
290081,000000290081.jpg,0.4566,0.3256,False,简单图片
404923,000000404923.jpg,0.6829,0.5819,True,复杂图片
234366,000000234366.jpg,0.9596,0.9577,False,简单图片
157767,000000157767.jpg,0.6125,0.5869,True,复杂图片
251119,000000251119.jpg,0.7985,0.8934,False,简单图片
482719,000000482719.jpg,0.4143,0.5071,False,简单图片
